chain_id,s_nm,x_nm,y_nm,z_nm
0,0.0,42.464499345530776,0.0,38.30989127701632
0,1.0,42.60153991055881,0.9842681975769061,38.42140808640174
0,2.0,42.94436782981035,1.9043216877293927,38.61106723603573
0,3.0,43.394746016048494,2.7890784297387605,38.73092130075535
0,4.0,43.88855157530355,3.6369710741526364,38.92388278187955
0,5.0,44.441581789223214,4.465373380213386,39.01280523014324
0,6.0,44.960013360380145,5.234780338787382,39.38595618904014
0,7.0,44.451198697541756,6.022085299032239,39.568930664957634
0,8.0,44.07514226538823,6.946477374014682,39.632812208032384
0,9.0,43.61744233446953,7.835021266082393,39.6644432862021
0,10.0,43.1271286595271,8.70169850341701,39.75643821242353
0,11.0,43.11768877415604,9.701641159213871,39.75138116960164
0,12.0,43.20267313076719,10.691619148358592,39.864169644812385
0,13.0,43.47345803699872,11.641360281823687,40.02122795870126
0,14.0,43.67845247181762,12.612158568739494,40.14583922550572
0,15.0,43.748774540422986,13.60844396303502,40.195540531127115
0,16.0,44.04052575396162,14.564923032570793,40.19015360819107
0,17.0,44.2364238981997,15.522111449678114,39.977047411097566
0,18.0,44.51146209026494,16.459768597064212,39.76455490096779
0,19.0,44.72861291422578,17.430632307360913,39.66321795961838
0,20.0,44.833036329348545,18.42263682611126,39.73408956996409
0,21.0,44.82782919998163,19.42104452158047,39.790258595517486
0,22.0,44.6934481111872,20.3478604957021,40.14090638616702
0,23.0,44.46163009688194,21.284836705584258,40.40231792064557
0,24.0,44.08937813775943,21.92101074706331,41.078121936524184
0,25.0,43.489080862674506,22.22532636071848,41.81774020888587
0,26.0,42.830145172073685,22.737712368589214,42.3684346201438
0,27.0,42.43386478865916,23.337907620933105,43.063220570480084
0,28.0,41.98247464795448,23.916643705187163,43.742419720698116
0,29.0,41.49714623260078,24.192804088186243,44.571992967682405
0,30.0,41.00666667631607,24.260902193123975,44.55921911057222
0,31.0,40.47471331498428,24.1539648449554,43.71922504813221
0,32.0,39.91876509006467,24.01507861196283,42.89969336143921
0,33.0,39.506133701499934,24.03107923257464,41.98893581010561
0,34.0,38.79219658261418,23.958079458181196,41.2925416521637
0,35.0,38.12555412352229,24.175688662787188,40.57963628270246
0,36.0,37.511794043230175,24.48140442728547,39.8517376392245
0,37.0,36.79266835142919,24.64053937187769,39.17532481498076
0,38.0,36.045014634569945,24.846915904268737,38.544117522132524
0,39.0,35.29397326004283,25.217761665208453,37.99784810568907
0,40.0,34.54466395995476,25.57078344417304,37.43757032067685
0,41.0,33.90660330718382,26.09021107669828,36.86917473839744
0,42.0,33.348359900166635,26.91362249164359,36.767400771885335
0,43.0,32.63745588825795,27.610968999706433,36.6761684665067
0,44.0,31.858124566780067,28.220878761193216,36.81987919751404
0,45.0,31.128045432118974,28.768551859307117,36.41117559496712
0,46.0,30.186424635531097,29.02320751669902,36.19094668771035
0,47.0,29.33875970436401,29.503117654882654,35.964782093359105
0,48.0,28.578414069765046,29.911478455333118,35.45969202950736
0,49.0,27.98575973150336,30.5055644991193,34.9157962601562
0,50.0,27.34503626465802,30.91426950579407,34.26584729558078
0,51.0,26.67513771915793,31.265100378649098,33.61151279596407
0,52.0,26.001911239595668,31.415224472451392,32.887476288820785
0,53.0,25.557852491117433,31.58946215252905,32.008583201613305
0,54.0,25.13210624701291,32.092936839738506,31.25674985906309
0,55.0,24.638314268735346,32.696233323365426,30.63048886312599
0,56.0,24.233180004643096,33.12561385561223,29.823334239410134
0,57.0,23.919971600150603,33.52691118552739,28.962601442104123
0,58.0,23.623370602092102,34.061001105146204,28.17090970555999
0,59.0,23.56728887745204,34.56147031862064,27.306973708783797
0,60.0,23.592061254934624,34.80774334940047,26.338089854225174
0,61.0,23.31079614312901,35.129694937608505,25.434078177458055
0,62.0,23.07252384681416,35.092337646164815,24.463598530281033
0,63.0,22.909189183296697,35.16127183768011,23.479439058989023
0,64.0,22.614892051652554,35.00379645826641,22.536788167521486
0,65.0,22.372359494945027,34.87839037584172,21.574784387161035
0,66.0,22.171419400733416,34.69879202490742,20.611785160328576
0,67.0,22.22413039577251,34.392025719731556,19.661461012992135
0,68.0,22.23040272622116,34.21903580448162,18.67655738974133
0,69.0,22.01971018441189,33.916587641457255,17.746969437200455
0,70.0,21.854015278898437,33.50489073977937,16.850838386831303
0,71.0,21.52122500206569,33.20740182297564,15.955991485945722
0,72.0,21.316157522338198,32.947002969130736,15.012519299988726
0,73.0,21.327866395816518,32.82574137372258,14.019967776005746
0,74.0,21.49003117149412,32.869655840378094,13.034181741844279
0,75.0,21.920839874239416,33.23094981357147,12.20721709533691
0,76.0,22.408125638574617,33.5315496582293,11.38734374092908
0,77.0,23.212614435903678,33.929575371806806,10.946465859534285
0,78.0,24.009988228618816,34.49249869706034,10.728951803490585
0,79.0,24.892281990019768,34.96223841764452,10.758990337050964
0,80.0,25.837017716550264,35.26348845100502,10.6296735770498
0,81.0,26.774991172463725,35.60690289773091,10.582004784515172
0,82.0,27.76844375853179,35.72059022970935,10.59328085574115
0,83.0,28.715995126289076,36.02751170301198,10.682419033235673
0,84.0,29.67686847621019,36.30049274279135,10.635474839426882
0,85.0,30.63943731868679,36.57152999970757,10.635304967182135
0,86.0,31.547038428203603,36.98080378347626,10.54173576325523
0,87.0,32.37871885930715,37.50210599841893,10.350550875737214
0,88.0,33.26857668365749,37.92573631619575,10.18116844954493
0,89.0,34.156502527391474,38.37496049325941,10.280089300586456
0,90.0,35.08058164187867,38.72376300356191,10.436341017297748
0,91.0,35.9325685184394,39.116792684224066,10.782239893108152
0,92.0,36.78456648886445,39.55449648246358,11.069493863312749
0,93.0,37.76363390407074,39.757804496807836,11.079129618844618
0,94.0,38.71925913171221,39.507846246710095,10.9232408844753
0,95.0,39.683999709995604,39.49108173147129,10.66057271426385
0,96.0,40.67553128881626,39.54376102775235,10.541871324445731
0,97.0,41.593660983089315,39.84904070167452,10.289201213067193
0,98.0,42.54088050941136,40.0890935490758,10.076716391470983
0,99.0,43.504899211247825,40.32161879641438,10.205557191917363
0,100.0,44.35786984031037,40.84042907389516,10.148312087873773
0,101.0,44.84315570973963,41.404991473646746,9.941166909040616
0,102.0,44.221079930814604,42.170941146937125,9.778862185569013
0,103.0,43.62653641944544,42.94153320236965,9.54928453597501
0,104.0,43.144804876523196,43.79319636550416,9.342875773773711
0,105.0,42.75833350119308,44.685786950311346,9.575086720897263
0,106.0,42.33286832749708,45.59076123519548,9.576050915005961
0,107.0,41.74420792802314,46.33753248826249,9.885585452148264
0,108.0,41.44886416689907,47.219635645663175,10.252554228025495
0,109.0,41.233341778054864,48.18835543199732,10.37556672930731
0,110.0,40.88267892611593,49.114314322810465,10.51569415986303
0,111.0,40.4043858281961,49.89829152497417,10.911440870487166
0,112.0,39.93092949800143,50.761920705957245,11.084599009634877
0,113.0,39.15381402379006,51.38920267540386,11.033521905680068
0,114.0,38.52688210655126,52.1237675521176,11.293080787334702
0,115.0,38.03442725844188,52.87822642151501,11.726993263487612
0,116.0,37.626506600037324,53.78287551898388,11.850325120262553
0,117.0,36.92690497041103,54.493961122048326,11.780219307816575
0,118.0,36.225659464655536,55.065145028563876,11.353600408100025
0,119.0,35.65261942740143,55.81460613429933,11.022038699373583
0,120.0,35.24540263655861,56.72378173805798,10.935008780461924
0,121.0,34.82766328443023,57.6274036109373,11.029673158859707
0,122.0,34.4303470924336,58.54265572670321,10.962939298164253
0,123.0,34.22530731313956,59.47682978479499,10.67091615165804
0,124.0,33.939712813642274,60.395247303436314,10.397155228022843
0,125.0,33.88521411418071,61.31893048556257,10.017893747228758
0,126.0,34.06270227971846,62.20642820612063,9.592634124059229
0,127.0,34.30551535649234,63.15902505683451,9.409328232834751
0,128.0,34.82899094028581,63.972898827854735,9.66148452963774
0,129.0,35.351388951037045,64.62875504857983,10.206418411956825
0,130.0,35.85140426656531,65.2674809900039,10.791237919146099
0,131.0,36.03309376200078,65.77720746307719,11.632170645288129
0,132.0,36.419136788669896,66.06709677428977,12.507918878974525
0,133.0,36.693775268259245,66.16154841085506,13.464816257944175
0,134.0,37.29431696346754,66.14798365900891,14.264294631525164
0,135.0,37.85468509739219,65.80162814512107,15.016641235479277
0,136.0,38.229241608175144,65.46677290927143,15.88126797069753
0,137.0,39.023469646431366,64.9114113286053,16.127794516869926
0,138.0,39.79076468343924,64.28504343287213,16.265350270576842
0,139.0,40.612812916375844,63.779918659869715,16.00250874717335
0,140.0,41.33155723017338,63.093372952273256,15.892683418744133
0,141.0,41.93504212922965,62.30189229809418,15.989452993876512
0,142.0,42.674199184248245,61.63937528908057,15.868134978792597
0,143.0,43.17446473364478,60.82946623177733,15.56189700109361
0,144.0,43.638965271519275,60.27269555146571,14.873242036790268
0,145.0,44.22784942907196,59.76625194811443,14.243376713401181
0,146.0,44.660947721430176,59.320194349759994,13.460140805065341
0,147.0,44.98960923167681,58.6970597765562,12.760431679316465
0,148.0,44.699501881296605,57.86104520383641,12.294687801787708
0,149.0,44.48606264954268,57.07381659849261,11.716142369451791
0,150.0,44.25895469989401,56.33399944663279,11.08282368109624
0,151.0,44.20378739497099,55.65686934826765,10.349031204741006
0,152.0,44.25671899109943,54.911242900914154,9.684772635252962
0,153.0,44.33933206075255,54.658162226100245,8.720861201168779
0,154.0,44.597796027859054,54.385533319434835,7.794108884226443
0,155.0,44.457679257994165,54.03139502090788,6.869472006139123
0,156.0,44.19095069370796,53.446457477330995,6.1035059865873045
0,157.0,44.06678299339735,52.66382643492164,5.493529729953641
0,158.0,44.06134393865118,51.79264059450667,5.002606469001452
0,159.0,43.90405594344598,50.9030761556244,4.5737293355000315
0,160.0,44.00947547062347,49.913108220485014,4.479653777114507
0,161.0,44.34796419805842,48.97437244678836,4.544465262065926
0,162.0,44.858873534470874,48.120905896863896,4.441671788894569
0,163.0,44.736856041666826,47.20779206360795,4.494478530006068
0,164.0,44.398349203999615,46.290876463969255,4.283104681122725
0,165.0,44.18633027745881,45.4643224539939,3.76170613549554
0,166.0,44.23426556296962,44.51413439555067,3.4537372052527617
0,167.0,44.28540034100185,43.53145668368468,3.275608742963826
0,168.0,44.39912087883441,42.58482346711693,2.9740242729298663
0,169.0,44.31231057550707,41.7460677417624,2.4364809682359816
0,170.0,43.97122792788476,40.85786870219127,2.1286415724532475
0,171.0,43.60091297764864,40.070866164456746,1.6351906192359646
0,172.0,43.20460315373603,39.26817618647731,1.1895143659738818
0,173.0,43.00045001826101,38.343855983955955,0.8670959104124872
0,174.0,42.993247918542494,37.38696306794599,0.5767442666258726
0,175.0,42.75343992055405,36.6200794999095,0.01855542023477795
0,176.0,42.93755351722855,36.0129404812887,0.7915265682006989
0,177.0,42.886882382483925,35.32599177495076,1.516463745454231
0,178.0,43.229631060641196,34.62615676145091,2.1431648683996993
0,179.0,43.62441737168409,34.114668903621435,2.906397427916234
0,180.0,43.51065174832667,33.390140209975854,3.5861882450256775
0,181.0,43.49403441521096,32.55307066220577,4.1330323146068615
0,182.0,43.60104309990779,31.70360854043654,4.649717175115443
0,183.0,43.84650877157455,31.02697476303155,5.3439169556598065
0,184.0,44.20145682797085,30.29450832388983,5.92486858255445
0,185.0,44.668825554511784,29.793864244389177,6.653512514192155
0,186.0,44.972599674158836,29.15909441793561,7.363997244258022
0,187.0,44.658515518208205,28.522633182506567,8.041375347309582
0,188.0,44.57932701906006,27.926528974517797,8.840367809614918
0,189.0,44.476881209920435,27.224599241521275,9.545207866737924
0,190.0,44.47555267854012,26.225364044139354,9.584287980830432
0,191.0,44.330599068982046,25.24490825388045,9.451265823187898
0,192.0,44.23985092265843,24.280291434894604,9.203719531621134
0,193.0,43.75690588268329,23.40535024198259,9.238961513817285
0,194.0,43.41506949186262,22.47107445092077,9.13758780841737
0,195.0,43.134218097064625,21.52780017051446,8.96051119798002
0,196.0,42.861731370783616,20.630445636170393,8.613371710608158
0,197.0,42.51792549050789,19.73287710078627,8.337385767168582
0,198.0,42.344902959886404,18.7487795303292,8.377575015952775
0,199.0,42.078278670104694,17.818956609748742,8.631229947822087
0,200.0,41.95720894149992,16.834626123628492,8.50302848562356
0,201.0,41.72683952732019,15.872828462312397,8.35512584299208
0,202.0,41.780057787308664,14.905889716998391,8.10573201866121
0,203.0,41.72665010241526,14.093988482679286,7.5243853020579055
0,204.0,41.562630569908016,13.296255017908408,6.944110442925827
0,205.0,41.89356029168238,12.544352054127643,6.373910958268004
0,206.0,42.371560254984814,11.896445871892658,5.780839618457563
0,207.0,42.78015705774368,11.254593048519782,5.13193777233328
0,208.0,43.098874021030454,10.528967381225208,4.522112479092207
0,209.0,43.45700866673051,9.984230371716407,3.763824165836156
0,210.0,43.88012104417972,9.664976289407889,2.9158543863164916
0,211.0,44.46071791867234,9.154032164739693,2.281943216832589
0,212.0,44.90067469801667,8.687290257080901,1.6701159523079303
0,213.0,44.28759233603162,8.304029227929863,0.979289634803366
0,214.0,43.56752992958112,7.835090369118574,0.4678148284702739
0,215.0,42.63495897173579,7.712252855913518,0.12837064464465536
0,216.0,41.707716084230036,7.405870923951134,0.08692157383288451
0,217.0,40.757098997088946,7.097361707645431,0.12082167840248911
0,218.0,39.87367047819867,6.703950435501375,0.13370066435216868
0,219.0,38.907170837631675,6.448113833818562,0.15434232182576846
0,220.0,37.99069922567894,6.1259210022506725,0.3915586024032459
0,221.0,37.05891408870517,5.763005803524095,0.39986625237333057
0,222.0,36.24745971673986,5.183729593425786,0.47720236704507923
0,223.0,35.34058144212745,5.035351656300904,0.8716079740166174
0,224.0,34.40697114169345,4.854705097894588,1.1810245667512027
0,225.0,33.52081464355184,5.10606437742816,1.570312600723169
0,226.0,32.63208034935303,4.882305421103273,1.9704166919036419
0,227.0,31.645017726165587,5.029413584018502,2.0341863266056492
0,228.0,30.666776647385376,5.1834399506246225,2.1731837013184383
0,229.0,29.70329029188529,5.417346035546235,2.3034986513502957
0,230.0,28.716754471074818,5.547300387374944,2.402790849928985
0,231.0,27.76973929943446,5.863124356773854,2.461250109555647
0,232.0,27.122316814571114,6.6251761667495215,2.450242611829803
0,233.0,26.444302342610875,7.359510361486668,2.4178440585870447
0,234.0,25.824076468367878,8.107666014581563,2.1820836215717088
0,235.0,25.330536996640312,8.90426037587947,1.8330045282486442
0,236.0,24.776171810297566,9.668719399456501,1.5039427689346434
0,237.0,24.16078203403859,10.260776400861875,0.9835929535577134
0,238.0,23.576989986752867,10.991212356335579,0.629121289701259
0,239.0,22.750782807201706,11.5063270138759,0.4010016148697484
0,240.0,22.183343737969306,12.065697571962515,0.20324790433116646
0,241.0,21.595869952580934,12.642511000420596,0.7708400292165398
0,242.0,20.956390907568068,13.288115863035989,1.1882857291067077
0,243.0,20.222891359256682,13.849484391960916,1.5714877480988552
0,244.0,19.479046174194806,14.291026123576529,2.073219987348188
0,245.0,18.60836352520624,14.481330238096009,2.526757272196093
0,246.0,17.749240204066552,14.832239419091632,2.89927554794494
0,247.0,16.920345864039575,15.289051892862355,3.2221633564461496
0,248.0,16.132046804777392,15.858960631447943,3.4540871000562907
0,249.0,15.297945973568183,16.231284182646274,3.861089528303557
0,250.0,14.547183442726906,16.275938421600586,4.520150694833806
0,251.0,13.749745356728251,16.31954335660504,5.121973848793554
0,252.0,13.284625476898068,16.326961373733234,6.007190472230237
0,253.0,13.122508675338576,16.067541811383972,6.959251202080302
0,254.0,12.85935306698242,15.731549173214336,7.863606261161916
0,255.0,12.78337369629855,15.52863494126597,8.839850569572105
0,256.0,12.662209125813703,15.26759904188845,9.797545409328169
0,257.0,12.734170184108915,14.895735266446522,10.723039298342627
0,258.0,12.518436742800976,14.398498274709617,11.563404966578704
0,259.0,12.312353093333808,13.86291656258053,12.382356588504669
0,260.0,12.227100827455867,13.181047701704555,13.1088460293986
0,261.0,11.930657308693892,12.511403193033912,13.789799384769783
0,262.0,11.396870656394835,11.948554756950589,14.420888481352764
0,263.0,10.712894893838014,11.298048316738113,14.751068019599618
0,264.0,9.835099697398817,10.824558467122584,14.823751961562994
0,265.0,8.863121202569335,10.703399449740436,15.025192518790202
0,266.0,7.933828677636436,10.600410196352568,15.379887622774522
0,267.0,6.941114784539624,10.5838489798992,15.499239424445701
0,268.0,6.024464771213399,10.590077548020757,15.8988817120082
0,269.0,5.108023759900911,10.639010102119132,16.296048525745142
0,270.0,4.2850601349414665,10.640350999896038,16.864141012921976
0,271.0,3.346979549991052,10.496676636624695,17.179359180986037
0,272.0,2.355029778656265,10.45678039449336,17.299542129080436
0,273.0,1.3742256870829341,10.33801601815747,17.454197736371476
0,274.0,0.49624726357739224,9.946359227295227,17.729440985208235
0,275.0,0.39626199824339314,9.5211779511722,17.879933842176634
0,276.0,1.385122763344064,9.378422751754524,17.922068629273944
0,277.0,2.374889753743587,9.235953706678767,17.914076388619936
0,278.0,3.3528792416994664,9.04444301003687,17.831249976651698
0,279.0,4.2953410437086985,8.98823147305387,17.50169570970387
0,280.0,5.250883714006939,8.859784054956348,17.236291365309533
0,281.0,6.18563664863636,8.635100835861962,16.961056189034643
0,282.0,7.119572792215221,8.400505842209805,16.69137402672058
0,283.0,8.04446869312248,8.235608094399822,16.348771771543905
0,284.0,8.811871984596284,8.18149864369495,15.70989435327058
0,285.0,9.470571551568602,7.952987888008132,14.993027758285209
0,286.0,10.357647750941885,7.884272346638159,14.536547757759793
0,287.0,11.334671286094217,7.740150797879403,14.379531863845145
0,288.0,12.237585602814777,7.379052910968923,14.146392307506394
0,289.0,13.172378396713555,7.101940357425042,13.924196301369232
0,290.0,14.135242233588064,6.844874391433653,14.006720969003903
0,291.0,14.855786703607532,6.287301439248705,14.418944294054933
0,292.0,15.638028899119565,5.842649989973954,14.855272423125681
0,293.0,16.250468714737227,5.396178900008365,15.50763814729514
0,294.0,16.95532586497481,4.88584302961705,16.00031826375093
0,295.0,17.56060794343868,4.534128128557326,16.714412258868524
0,296.0,18.08452736510872,4.04510284080047,17.41180935345041
0,297.0,18.41752091161425,3.202398425339535,17.834851391725937
0,298.0,18.775254178763365,2.455464967475328,18.39531309344858
0,299.0,18.877009337090257,1.7156900076514559,19.060428795091127
0,300.0,19.132313387252964,0.9026795717402492,19.583720179570165
0,301.0,19.297523976235784,0.04064799895821436,20.062893455969093
0,302.0,19.68996148486475,-0.6433018741988948,20.67787749871286
0,303.0,20.25463356240342,-1.341727467870556,21.117590058179324
0,304.0,20.8861179491468,-1.9747289486954398,21.56540318278918
0,305.0,21.622674112007164,-2.5477941100504635,21.92468209922258
0,306.0,22.506397998670888,-3.015428677211424,21.943390486008767
1,0.0,7.965987379496356,0.0,37.65834683397864
1,1.0,7.699338147366489,0.9259019585722809,37.39075806344339
1,2.0,7.359034536072256,1.7888705644506624,37.017289674676114
1,3.0,6.87104169418598,2.537568067321991,36.568608233716056
1,4.0,6.388052524544492,3.2703743810641326,36.08932087883521
1,5.0,5.918507701617834,3.922120871978006,35.493708445415436
1,6.0,5.414501164706092,4.721853252773072,35.16750984048573
1,7.0,5.232336855964617,5.633611760178519,34.79938949495382
1,8.0,5.128377278976531,6.5080091478702835,34.325446866832785
1,9.0,5.297542388335197,7.2154972979110354,33.63926636337354
1,10.0,5.380808545304991,8.006949729443956,33.0337337088254
1,11.0,5.737677641480508,8.828248816725631,32.588635677572555
1,12.0,6.0220786925462635,9.68840291940546,32.165255279117744
1,13.0,6.517951513577255,10.542399419183381,32.00777472879541
1,14.0,6.845831920950665,11.478202804511746,31.878289353294473
1,15.0,7.219812424560589,12.404766295521188,31.838056530275676
1,16.0,7.405694898380539,13.38255789341861,31.934861989872655
1,17.0,7.675474801437895,14.345449158772587,31.942557118941316
1,18.0,8.099628631675564,15.249510337823912,31.889955666232844
1,19.0,8.47645288930915,16.173262956253154,31.95839964919713
1,20.0,8.7269895280702,17.111238441276086,32.19805227725347
1,21.0,8.587738407915532,17.98068169353946,32.67205391926471
1,22.0,8.808070340104177,18.904481625892082,32.98517933286653
1,23.0,9.12381618944079,19.833236707716416,33.179391991084714
1,24.0,9.182157465618001,20.755186542698382,33.56228205007129
1,25.0,9.250229627445714,21.5407368950226,34.17732418256905
1,26.0,9.010715902359161,22.190976035160766,34.89831117005741
1,27.0,8.606512975162318,22.902119949293375,35.47354531980659
1,28.0,8.00603105979608,23.53015419271728,35.96851446874929
1,29.0,7.480929968737493,24.14373239242065,36.55825223845533
1,30.0,7.145546082784538,25.03466279326012,36.86445587968632
1,31.0,6.9397847328214795,25.9956817449487,37.04913084105564
1,32.0,6.7547317142002266,26.955619728911298,37.25954578169673
1,33.0,6.432839538126181,27.864887737327365,37.523396337605554
1,34.0,6.008434458641936,28.71962488353956,37.822235323337004
1,35.0,5.763846570851814,29.557815131736493,38.30969185778282
1,36.0,5.739091822881681,30.429217914627976,38.79963511207042
1,37.0,5.507656940045789,31.04351477171587,39.554007212812934
1,38.0,5.506635437648921,31.51033243225044,40.43836021266417
1,39.0,5.597058185210325,32.15168842169432,41.20025667644906
1,40.0,5.4406426494665485,32.70517184433855,42.01829718952651
1,41.0,5.294209306052309,33.1626402389368,42.89538324224894
1,42.0,5.1273322069624765,33.73326033504942,43.69946330027288
1,43.0,4.9354215167406155,34.089864443708315,44.613795732523954
1,44.0,4.735085044234579,34.467550924407014,44.48220303955582
1,45.0,4.198854521016745,34.94244212958537,43.78439563832409
1,46.0,3.7452341923400727,35.346389160485074,42.99000568770879
1,47.0,3.53723784604235,35.84588658288576,42.14903015599466
1,48.0,3.533380328782658,36.529923082847574,41.41959257382564
1,49.0,3.7765147398518866,37.240222847136074,40.75901714058147
1,50.0,4.07631052127208,38.044823815007256,40.24643566223542
1,51.0,4.312794413227665,39.01398270995003,40.17710741980247
1,52.0,4.335590422074216,39.98811857067401,39.952297129041085
1,53.0,4.483688582453932,40.97453708377182,40.02332847360138
1,54.0,4.64471052248072,41.95799584160823,39.94037784693184
1,55.0,4.388194575902752,42.91488370941006,39.80412375486531
1,56.0,4.54926515571309,43.89397527947481,39.6798821927868
1,57.0,4.490146606379422,44.88900083955851,39.59970032510594
1,58.0,4.627356564900018,45.74945229869375,39.108989907695815
1,59.0,4.484484131803344,46.593776328594075,38.59255559396956
1,60.0,4.406224507635275,47.419395972000416,38.033782262781806
1,61.0,4.232205505563015,48.3545966092772,37.72537157075758
1,62.0,4.096714163074948,49.335428344489436,37.58533156464742
1,63.0,3.7858450355926103,50.2282078964627,37.25928700150184
1,64.0,3.5154029276525893,51.19063091624357,37.234730999204494
1,65.0,3.0916001872747,52.08690019865529,37.10399228782425
1,66.0,2.7959776869059345,53.04142647794275,37.06543169362026
1,67.0,2.565811066011812,54.00867294003322,37.172471911294
1,68.0,2.439233085876131,54.86633929956484,37.67085572992432
1,69.0,2.1726139628989425,55.52286935117605,38.37646364838489
1,70.0,1.7349574583009246,56.17013420448958,39.00056700012085
1,71.0,1.785059050152473,56.820871651855384,39.75821507481634
1,72.0,1.8654365510351505,57.542545565535505,40.44576595996266
1,73.0,1.8052256046853166,58.1759936548344,41.21720497900644
1,74.0,1.6265253781649327,58.76407497127032,42.00601838805864
1,75.0,1.9919817780312696,59.06814186517531,42.88578252908037
1,76.0,2.060163295906225,59.70625704472061,43.65269862504795
1,77.0,2.1235800794315915,60.43623307472766,44.333222913506816
1,78.0,2.5676029719056994,60.93967838300274,44.925570979843535
1,79.0,3.2269095849671667,61.3953667115424,44.32752170327333
1,80.0,3.898372038882896,61.93591622644589,43.82062487460001
1,81.0,4.5605095356746155,62.59259995094865,43.45959797627306
1,82.0,5.30641790297457,63.12737148074512,43.06255878612797
1,83.0,6.050715574388106,63.64856971611706,42.64497840371811
1,84.0,6.935537606993566,64.07258984147755,42.451854340211725
1,85.0,7.876542493120299,64.40984622762288,42.479565967551395
1,86.0,8.777169983555957,64.83905029219821,42.411345776818834
1,87.0,9.63528322506507,65.16755497926908,42.01672401447014
1,88.0,10.606996021264019,65.28288791477821,41.81063530616697
1,89.0,11.594665083550092,65.20928702830555,41.67245885045404
1,90.0,12.573277868155763,65.03671435513225,41.56049595356336
1,91.0,13.529207532475494,64.83942251519531,41.34306916871875
1,92.0,14.37995485751259,64.69009344306988,40.83915467482084
1,93.0,14.852252096911888,64.56115894085318,39.967196412176385
1,94.0,15.34693275769778,64.09816740560352,39.23171705683622
1,95.0,15.979343102927269,63.610489262049654,38.62986393227295
1,96.0,16.49425932656219,62.94779648905751,38.0860812815185
1,97.0,17.342151300240374,62.493550338018956,37.812695774882215
1,98.0,18.17687928364138,61.94332302584087,37.790807452411904
1,99.0,19.08829564021736,61.64681869588258,37.50549112395917
1,100.0,20.033762690747217,61.4291650496499,37.26317119773767
1,101.0,21.024189891561143,61.551789114494476,37.32655336091377
1,102.0,22.005899405983897,61.70418401529518,37.44066831831104
1,103.0,22.91046298257371,61.327989426627326,37.64127332164862
1,104.0,23.635561985209513,60.75505580013502,38.02334464484749
1,105.0,24.563331758347065,60.41886234594042,38.18526193672517
1,106.0,25.5521760639226,60.36236959687709,38.04743774206362
1,107.0,26.546251245531288,60.28948362475504,38.12807376613154
1,108.0,27.543235687834247,60.35363786380902,38.171734451161214
1,109.0,28.54165424133891,60.38879709666379,38.12786851491544
1,110.0,29.52712820501621,60.22011072922242,38.14751479582519
1,111.0,30.52697125247969,60.212113384130035,38.13170584549898
1,112.0,31.512315592219185,60.33743791415178,38.015989406225344
1,113.0,32.42763284379418,60.69167757673608,37.824394546113275
1,114.0,33.325572749175244,61.03420765354096,37.54803052383779
1,115.0,34.11088985592016,61.44670413938861,37.0863773087324
1,116.0,34.88831559884909,61.74663513607745,36.53352053572818
1,117.0,35.51873245121248,61.97232134752256,35.79079560264744
1,118.0,36.2119132357725,62.090163407426246,35.07973045174043
1,119.0,36.94560952916998,62.09801705131723,34.40029828490372
1,120.0,37.71078266031996,62.10086436018936,33.756480009147026
1,121.0,38.31625544005233,62.259121870861954,32.97650739852607
1,122.0,38.64857776839249,62.77757813131996,32.188621000573626
1,123.0,39.17296217671553,63.163614595687086,31.42967644364827
1,124.0,39.82929489703879,63.59821055798973,30.81294821356365
1,125.0,40.566435829847315,64.12473086860479,30.38939230498958
1,126.0,41.16941351496861,64.92238779436217,30.37669033517924
1,127.0,41.65667134463889,65.79530515612727,30.3522959310243
1,128.0,42.28377510489737,66.57379151171462,30.325840911954234
1,129.0,43.043487790619686,67.19030341497248,30.532600937815058
1,130.0,43.86020047278749,67.5748759573563,30.96281525002551
1,131.0,44.6038450062408,67.5042825022313,31.627653103910593
1,132.0,44.48762552225736,67.39038487056757,32.02965003040878
1,133.0,43.6056400230607,67.34571245479948,32.49880454064636
1,134.0,42.85967285918781,67.32915882862602,33.16458150621663
1,135.0,42.15367187617483,67.65324207675798,33.794289899256576
1,136.0,41.349667896402806,67.89046513581349,34.33954472111796
1,137.0,40.55621177336838,68.0329630475564,34.93125556770445
1,138.0,39.70297854509292,68.18109976208103,35.431304137321916
1,139.0,38.863527650433426,68.55236572670684,35.8281463968733
1,140.0,38.027481743126266,69.0803779295219,35.97724486954601
1,141.0,37.25007988540529,69.70351682749869,36.062943559385786
1,142.0,36.499275613301634,70.33589678346594,36.25370135419833
1,143.0,35.97976848248396,71.1652809124952,36.45921122633091
1,144.0,35.81895548380853,72.07541186492914,36.841049973551144
1,145.0,35.718419193532725,72.8389098457302,37.478986716222614
1,146.0,35.62374528885443,73.60558114993863,38.114007946636455
1,147.0,35.694945109081566,74.21014083075605,38.90737934637908
1,148.0,35.78759558370008,74.62488758134795,39.81258706973678
1,149.0,36.02132676915378,75.10756869775852,40.65661827342954
1,150.0,36.260158453272766,75.861376561903,41.26877277240412
1,151.0,36.56218473936544,76.60747403331038,41.86216866526872
1,152.0,36.78372222925398,77.40512942611703,42.42312054814314
1,153.0,37.01124688784809,78.06900443639083,43.135512645562535
1,154.0,37.30836792449948,78.60403698731325,43.92637246818134
1,155.0,37.52521568969609,78.95932300596,44.83562979791995
1,156.0,37.59766917677682,79.1563496190676,44.18665295975628
1,157.0,37.65593338565233,79.13923095400561,43.18849854621567
1,158.0,37.93694721312498,78.93889985069171,42.249936519595046
1,159.0,38.26834308704643,78.85453305469673,41.31022431977993
1,160.0,38.78206647511569,78.618242697022,40.48544850331791
1,161.0,39.27998657617845,78.12969623802277,39.768930582846295
1,162.0,39.99854691645021,77.89705791129282,39.11352960151897
1,163.0,40.68456787951617,78.12035172457603,38.42105930527263
1,164.0,41.30514072972274,78.31907731940949,37.66250971853186
1,165.0,41.805487141278654,78.55864820742325,36.83048853006403
1,166.0,42.36896040100746,78.77472501448318,36.033112396096264
1,167.0,42.96894451553211,79.19103775946228,35.34995592742599
1,168.0,43.72100828858683,79.67700202522991,34.90471575217715
1,169.0,44.51716683772162,80.07690577971505,34.4506138343346
1,170.0,44.964487204238374,80.43549298009611,33.674255226791374
1,171.0,44.29344221491955,80.69574556807969,32.980016641895695
1,172.0,43.713525511802004,81.24934206311616,32.38233149223192
1,173.0,42.94617808217221,81.68659926563791,31.913306907499525
1,174.0,42.159517919793416,82.1334081973962,31.487246386649268
1,175.0,41.45288897382935,82.79672144996465,31.24089082715696
1,176.0,41.02456957975349,83.60770720484093,30.84233769136922
1,177.0,40.57919507843158,84.41964838892349,30.464987632189573
1,178.0,40.18304777843126,85.33754334964816,30.44183255113339
1,179.0,39.81013127898707,86.26484098350325,30.409392102785166
1,180.0,39.630490843097306,87.22696877320972,30.61442729505194
1,181.0,39.52351114583689,88.19819656416564,30.82719929144469
1,182.0,39.33853965006339,89.1478765883027,31.07997072477202
1,183.0,39.39344412766652,90.14502768355167,31.02824847053969
1,184.0,39.43871984609317,91.13608614454772,30.902736573856167
1,185.0,39.46644839801353,92.132155170264,30.986865186212523
1,186.0,39.70250104001152,93.09928727186734,31.081388454533485
1,187.0,39.873048472329174,94.07850103054395,30.971597798518097
1,188.0,40.076221735598736,95.05753676945382,30.957118605529548
1,189.0,40.312413551115405,96.02861821339516,30.922272436217405
1,190.0,40.769222822980865,96.91780432271912,30.896323406889508
1,191.0,41.34217108904402,97.71016243646673,31.105844059794073
1,192.0,41.868310584103355,98.52785171974728,31.339428022742855
1,193.0,42.2350777472693,99.45240807287489,31.23609652747363
1,194.0,42.38989922810082,100.43943880053087,31.278530614432547
1,195.0,42.84441671532649,101.29821765463726,31.514989349830046
1,196.0,43.177196379487974,102.22825431013526,31.670840286787968
1,197.0,43.395358700068606,103.19328796855164,31.816151126033926
1,198.0,43.75265664577807,104.12713227449609,31.799628709535803
1,199.0,44.09866837510314,105.06517560436265,31.818352877403015
1,200.0,44.4035893956074,106.00214322006093,31.647722111163937
1,201.0,44.8286944242442,106.89220511345998,31.483175641901905
1,202.0,44.73478198035918,107.58270136985335,30.906406996283266
1,203.0,44.32505518925516,108.0377283028612,30.115790498296363
1,204.0,44.099826744183225,108.44167125127699,29.22916642804131
1,205.0,43.51306795313009,109.06742713218199,28.715217307374026
1,206.0,42.95005948134691,109.59496737837945,28.07903907028767
1,207.0,42.43598131773341,110.1254890327657,27.40504321279073
1,208.0,41.763762016900365,110.34764833465759,26.698809217453174
1,209.0,41.084638525632776,110.53777236264933,25.989835213988506
1,210.0,40.34398706830613,110.85102437680194,25.39543754038165
1,211.0,39.47645690890939,111.25103763892496,25.09983508324912
1,212.0,38.643927516156445,111.61860754500371,24.685362919711363
1,213.0,37.81429265111952,111.98436242647375,24.263546185339656
1,214.0,36.94427992341943,112.26713256288468,23.859666372036248
1,215.0,36.00143234331084,112.22716214348183,23.528847983405665
1,216.0,35.03729449488764,112.0454557582273,23.33540290387245
1,217.0,34.04276261879843,112.12005855982656,23.40848347198746
1,218.0,33.078562648300675,112.30644181008552,23.219857649484172
1,219.0,32.13738826259176,112.56947891658352,23.0077202970669
1,220.0,31.258545832432077,112.70505360710878,22.550275779950347
1,221.0,30.29198988869018,112.67294363042674,22.2958380527661
1,222.0,29.302238710764723,112.6496909405711,22.154941217423186
1,223.0,28.314807746859884,112.75879669819562,22.04059076847285
1,224.0,27.37609126473618,112.52898482534863,21.783690263825918
1,225.0,26.4571858862443,112.27269039299209,21.483813506937796
1,226.0,25.616162639897635,111.74155040869474,21.586625063608853
1,227.0,25.204211224318804,111.03551531998471,22.16265499747759
1,228.0,24.90335271553587,110.37401332201873,22.84960424187627
1,229.0,24.814467382822453,109.64055545477612,23.523502568486713
1,230.0,24.8137067296679,108.76409617643948,24.004977962275827
1,231.0,24.5777493087301,107.88688821400103,24.423105079477015
1,232.0,24.411441113482567,106.97341882125824,24.79447450836907
1,233.0,24.079290563885497,106.06058111705806,25.031968378169786
1,234.0,24.046694347709504,105.15511989288788,25.455143824309143
1,235.0,24.073653607781207,104.23043087097348,25.834911399343344
1,236.0,23.836480478511092,103.37693005342327,26.29889982720911
1,237.0,23.614003922102313,102.61109077030447,26.90221929008147
1,238.0,23.232056246496626,101.8316326044788,27.398768321725974
1,239.0,23.140731015808672,100.98610841140811,27.924837272693384
1,240.0,23.146340467930244,100.0634079820555,28.310314187332125
1,241.0,23.3366280325429,99.09574361430994,28.47589291226192
1,242.0,23.669470529448603,98.15997341731835,28.59229742538709
1,243.0,24.170405315423142,97.29498310565567,28.621556627877073
1,244.0,24.40610904515401,96.36096096054588,28.35314205257339
1,245.0,24.514080246152066,95.37834770013332,28.202100997835174
1,246.0,24.65406079125234,94.41006645607813,27.995130276706913
1,247.0,24.851803395071226,93.45023107713982,27.796097847255595
1,248.0,25.060656362160955,92.49708115960728,28.01492579987024
1,249.0,24.982298468448732,91.60552723720365,28.461010594432537
1,250.0,25.155199117164226,90.68425373134804,28.809378924052606
1,251.0,25.156386592072113,89.71466562626368,29.0541185742572
1,252.0,25.523017043994184,88.85488420664441,29.409587310155164
1,253.0,26.02569784182937,88.06884281282932,29.769380226562642
1,254.0,26.723921103595522,87.35972130748426,29.86751771881617
1,255.0,27.21621256012837,86.51897651928019,30.092900333346325
1,256.0,27.696240033554307,85.72798591847808,30.472251745890194
1,257.0,28.173601387312946,84.87410057716264,30.679630534160186
1,258.0,28.618107293735438,84.06645349424944,31.06708464578805
1,259.0,29.15079057615395,83.28795974880019,31.39904248788285
1,260.0,29.868082368379863,82.59135621351783,31.41440476106933
1,261.0,30.614928061640168,81.94173546157423,31.556582076780266
1,262.0,31.057752986192202,81.10639340162678,31.882326960206306
1,263.0,31.77259942606669,80.42507708406545,31.724838411976762
1,264.0,32.549685040008,79.83883221286465,31.49580806552415
1,265.0,32.852018937064436,79.07626185141636,30.923898406109924
1,266.0,33.30794511192643,78.47793982564299,30.265003819282736
1,267.0,33.62178333656692,77.72341606162507,29.68863635118036
1,268.0,33.86343813479898,76.82894513760608,29.312438631123417
1,269.0,34.261591837663005,75.95099756592751,29.04657834774255
1,270.0,34.62788623280949,75.03269692272518,29.196752728974676
1,271.0,34.81338493888432,74.0669975575795,29.01505251928357
1,272.0,34.83273578401348,73.09441701955033,28.78329263958111
1,273.0,35.04682187840341,72.34326189727354,28.15884638371421
1,274.0,34.990642720968616,71.74189653054438,27.36184977269969
1,275.0,34.62490626362388,71.19639698339792,26.60774958848547
1,276.0,34.20460424457405,70.54159343807267,25.979594727155778
1,277.0,33.86188061985117,70.00783317100195,25.206522612567873
1,278.0,33.45671661983605,69.28635246637417,24.64499992741478
1,279.0,32.955158033700364,68.66575429594414,24.04225877606333
1,280.0,32.3527652055525,68.30223721199658,23.331640587248632
1,281.0,31.89918460914831,67.7803403938824,22.60922218091619
1,282.0,31.31461321642055,67.56517253684137,21.826931263098086
1,283.0,30.874374937585987,67.34614927447105,20.956173507812817
1,284.0,30.23226366561703,67.11405634634598,20.225539545335888
1,285.0,30.03254392140378,66.68283704732781,19.345674817138608
1,286.0,29.655840557350313,66.32025322876731,18.493250304334754
1,287.0,29.27938073039935,66.03739362067236,17.611055064719157
1,288.0,28.750146225573374,65.4921068202779,16.960998802371673
1,289.0,28.04532519893889,64.9931544145128,16.456743096211458
1,290.0,27.37735561574221,64.43173728952176,15.968248011598671
1,291.0,26.6645749712087,63.974108895113936,15.436721901788335
1,292.0,26.09064876965599,63.37826433761014,14.874958625608434
1,293.0,25.823364433095225,62.708608825290234,14.182051288189614
1,294.0,25.271762961576773,62.43432452283716,13.39433056480695
1,295.0,24.598224616794873,62.047104822778884,12.76472195464089
1,296.0,24.0385732005394,61.759923607844016,11.987343512650263
1,297.0,23.896217259284196,61.490902240663665,11.034787850240049
1,298.0,23.644550797989048,61.36577440115442,10.075096745749168
1,299.0,23.488708851337712,61.48057869288505,9.094008950358688
1,300.0,23.60148661963222,61.72420295929045,8.130718551882227
1,301.0,23.91831115476064,61.89331977338024,7.197433109408822
1,302.0,24.16819998436494,61.89424944604833,6.22915902189655
1,303.0,24.49696306728751,62.1233330809188,5.3129518818120705
1,304.0,24.986638767478706,62.04181740328014,4.444866112465876
1,305.0,25.462161520841764,61.75938387118598,3.6117338234608045
1,306.0,26.20377219418048,61.61769183276986,2.9560380285684027
2,0.0,37.68180609324729,0.0,17.36390218500508
2,1.0,37.79816715233771,0.9523544511947829,17.645826116619336
2,2.0,37.9358811520835,1.8546402227454568,18.054378733464734
2,3.0,37.8596171655818,2.847084597124423,18.150493082686957
2,4.0,37.94919756404319,3.802650094334036,18.431330994575728
2,5.0,37.78715183651541,4.637869834664548,18.956829964652954
2,6.0,37.60645270684568,5.380318574780096,19.601901815563714
2,7.0,37.577704780206574,6.185347030145627,20.19444104866625
2,8.0,37.64792272862548,6.9980046083410805,20.77293659776005
2,9.0,37.40777137458268,7.783717148261847,21.343009515694824
2,10.0,37.21021286051744,8.611716795700767,21.867783007176012
2,11.0,36.77658519809172,9.25684360897965,22.496892254578913
2,12.0,36.548851366129405,10.032267595509216,23.08583617626786
2,13.0,36.312905238615066,10.535787330549638,23.916978343009394
2,14.0,36.03174569390945,10.996688033247748,24.758714556245653
2,15.0,36.01740081624063,11.794610448998908,25.361304004316644
2,16.0,36.01418649129745,12.654093910349163,25.872457452686646
2,17.0,36.47331746510499,13.47028446429308,26.22321624237446
2,18.0,37.06136217454075,14.210912784172818,26.54829025163502
2,19.0,37.535509454412846,15.010716362766948,26.916391586402927
2,20.0,38.13721515520471,15.753027546872078,27.21122095330353
2,21.0,38.43416920823441,16.64855243226049,27.542662456497244
2,22.0,38.82260015868894,17.385618323997903,28.095704288519308
2,23.0,39.371738622459844,17.804902492237066,28.818648085692594
2,24.0,40.11488848256499,18.155273272542747,29.388708259475752
2,25.0,40.81234901585505,18.618228809523057,29.935719205693484
2,26.0,41.48593498271763,19.169177480817424,30.428403188429648
2,27.0,41.78958063403609,19.902444915870635,31.036776582921775
2,28.0,42.14485723231122,20.673414603589677,31.565344723596617
2,29.0,42.31985219249528,21.223875356469577,32.38165944442987
2,30.0,42.40061813178059,21.93648242474696,33.078558310329704
2,31.0,42.54915253800421,22.72683645139735,33.67293028369765
2,32.0,42.728459169077674,23.474795421124654,34.311997190725045
2,33.0,42.719998272823915,24.094029621440498,35.097157950311114
2,34.0,42.93251533044085,24.615187676146235,35.923735703603064
2,35.0,43.07471649998973,25.172044148372997,36.7420814109408
2,36.0,43.0326025161623,25.49330648121037,37.68813475291792
2,37.0,43.145268504415924,25.939447821472804,38.57597723872251
2,38.0,43.41994939263126,26.158885317822705,39.51213833321689
2,39.0,43.90096163474097,26.41581022398834,40.35036074733642
2,40.0,44.59570084656237,26.62341680746646,41.03900937621353
2,41.0,44.64334513170793,26.748091477609865,41.67572375757933
2,42.0,43.9925841898418,26.817251883708582,42.43185009277059
2,43.0,43.08976381756769,26.71172599769537,42.8487189723814
2,44.0,42.34246014584639,26.42401727565313,43.447685510255326
2,45.0,41.453986466283006,26.326490645241655,43.89613068759999
2,46.0,40.754013330886075,26.45282706106736,44.599036598628565
2,47.0,40.33347073960146,26.681670705659318,44.52302575253441
2,48.0,39.91196422365883,26.746262062756646,43.61850366125845
2,49.0,39.37242252491065,26.653630579096,42.78165590715574
2,50.0,38.68497672978921,26.336799869068436,42.12817554788448
2,51.0,37.83360115692559,26.067078466004787,41.67827556048672
2,52.0,37.261795349446345,25.417837031125874,41.17675419726339
2,53.0,36.64688171841495,24.713711428660766,40.821664965766665
2,54.0,35.778808889406065,24.348785025040886,40.4850965723047
2,55.0,35.05908009546987,23.92695137648645,39.9336921507352
2,56.0,34.50272603487448,23.40028084866407,39.29097268286269
2,57.0,34.06745374865119,22.87095229230883,38.562721822051095
2,58.0,33.49235125003552,22.55172905572505,37.809493011322914
2,59.0,32.88025321685776,22.442572104521275,37.02628118953789
2,60.0,32.215632007630845,22.143988424494246,36.34135313910684
2,61.0,31.68754983346834,21.898712905939703,35.5283530546483
2,62.0,31.160243152036035,21.654092691892608,34.7146524865052
2,63.0,30.512185371227694,21.682622265425085,33.9535958682646
2,64.0,29.789506946762558,21.928027314580575,33.30744398467872
2,65.0,29.408352973412445,21.79589159027315,32.39242387617772
2,66.0,29.724042953436825,21.714211323246545,31.447083635581425
2,67.0,29.923067133570846,21.922284163176332,30.489432828133566
2,68.0,30.09755710386262,21.98455176507119,29.506744680234224
2,69.0,30.043699896217262,22.140944058895187,28.520519122049325
2,70.0,30.208316631233327,22.29651367339755,27.54650709666348
2,71.0,30.378724885637553,22.453866887904155,26.573778464045244
2,72.0,30.500068152160097,22.677008126056464,25.606574349338583
2,73.0,30.74779308747465,22.81988080436227,24.648336511316558
2,74.0,30.964281436741366,22.728949508875225,23.676295208627817
2,75.0,31.184532780299037,22.790025524822283,22.702766027792915
2,76.0,31.672157312073573,22.676072416127052,21.837181251453615
2,77.0,31.9330326498097,22.538645450902614,20.881640625739426
2,78.0,32.204211940101175,22.270376144313595,19.9572525191201
2,79.0,32.09976022373215,21.805379060880327,19.078123659767776
2,80.0,32.086013845940215,21.274257839734485,18.230939331804755
2,81.0,31.97042318414676,20.713454427189788,17.411098901364557
2,82.0,31.981471755907794,20.285092290525572,16.507559301272504
2,83.0,32.26771386926155,19.772349595374262,15.698139520743421
2,84.0,32.43162621454363,19.16864183210658,14.917966668335405
2,85.0,32.20540657895344,18.78555625512098,14.022382994310998
2,86.0,31.90947083518304,18.98266653344852,13.087733555357174
2,87.0,32.00986271087068,19.329694211251436,12.155267329623163
2,88.0,32.2335136923757,19.50228360886331,11.196000349943464
2,89.0,32.832931383510214,19.828548955176068,10.465076718262026
2,90.0,33.057057367672584,20.077620292048177,9.52288193353225
2,91.0,33.10687783960694,20.48150943751204,8.609431618105786
2,92.0,33.002870548352995,20.995910272531475,7.758212337134468
2,93.0,32.7443703912827,21.49177559195725,6.929179615352386
2,94.0,32.93169920334204,21.87565146931166,6.024996433160958
2,95.0,33.1907080844554,22.423396230107468,5.229452545920819
2,96.0,33.70105988435758,22.481279270549404,4.371437048411712
2,97.0,33.976173921036946,22.325576500541395,3.422717430066114
2,98.0,34.19182385482448,22.26672928606135,2.4480215229210325
2,99.0,34.665719090486746,22.41225028901921,1.5795476066087784
2,100.0,35.11500413629196,22.64071347620546,0.7158650725046629
2,101.0,35.634773213853414,23.06149840239825,0.0276267915394862
2,102.0,36.186200077135794,23.528940815685772,0.7185869964069534
2,103.0,36.61901735126818,23.829233164563682,1.5685832978212608
2,104.0,37.09304220956344,24.172737037904394,2.379327106134392
2,105.0,37.331550846496285,24.6147158696731,3.244063101902354
2,106.0,37.61381235289553,25.065634720450642,4.0908220003018245
2,107.0,38.00467573130528,25.51538713441952,4.893908910634254
2,108.0,38.08918889719199,26.065360362204366,5.724804194958171
2,109.0,38.1174086960963,26.519410357046862,6.615333388827372
2,110.0,38.331590840030586,26.928136315177724,7.502502538634621
2,111.0,38.657651960883435,27.59131508606142,8.176207268703642
2,112.0,38.91958588706366,28.524214066918685,8.423371404110242
2,113.0,39.44698887460164,29.366985929355305,8.315753205736883
2,114.0,40.06914693444539,30.125375896961202,8.510082837049715
2,115.0,40.8616006521424,30.583228269658743,8.913057166410068
2,116.0,41.70379622572966,30.931656135494748,9.324523614785862
2,117.0,42.446446267286625,31.580606146079866,9.489856005856135
2,118.0,43.34705881688267,31.838982429959554,9.83933952683907
2,119.0,44.28027743245954,32.07995220736252,10.105866414636834
2,120.0,44.98185985589447,32.424217769157956,10.686417740295562
2,121.0,44.108579596530376,32.66550449154343,11.109693426114458
2,122.0,43.22278916893513,32.93538490244201,11.487237969438603
2,123.0,42.34286664511593,33.40324217541496,11.569978069764703
2,124.0,41.773155388122255,34.22506046719626,11.563361503558943
2,125.0,41.48833821409808,35.16416682858342,11.755607230125364
2,126.0,41.227782333281766,36.11400713569578,11.928563941347356
2,127.0,40.9586351826335,37.076142365271565,11.9716407484141
2,128.0,40.78207916075182,38.03789985112827,11.762235615869786
2,129.0,40.80508494430956,39.00662294643031,11.515160124265838
2,130.0,40.9211303622359,39.81056220273302,10.931880488796063
2,131.0,41.15096747596741,40.718669943122826,10.581858728050129
2,132.0,41.234655640646956,41.663426406031846,10.264949408395111
2,133.0,41.36064703443796,42.55787826844431,9.835901585282727
2,134.0,41.506864754295684,43.288085401032745,9.168505209868094
2,135.0,41.43263389862274,44.190001657764114,8.743020961147025
2,136.0,41.36790101628119,44.974328480382525,8.126059787923733
2,137.0,40.98468632711993,45.595870031620606,7.442808295356319
2,138.0,40.817443231636595,46.44078068278002,6.934718009510857
2,139.0,41.186890978920815,47.32562851800223,6.650899985895051
2,140.0,41.52695681697488,48.22496500501812,6.376038004328822
2,141.0,42.10109185997746,48.99162754112417,6.088640182263525
2,142.0,42.58127323527656,49.81320479488167,5.7813346943136015
2,143.0,43.264637089371114,50.53461181891651,5.669148471495278
2,144.0,44.18146882905495,50.9152055189136,5.789846427695159
2,145.0,44.90377966963035,51.55498919789723,6.052418120178229
2,146.0,44.15916124678425,51.881087593762786,6.177238431361993
2,147.0,43.211091878614155,51.98345397541706,6.478378925225844
2,148.0,42.23945817334269,51.77198815289602,6.372500935606003
2,149.0,41.42864925280146,51.21748563001113,6.18510870928628
2,150.0,40.831033805759866,50.44420434406965,5.973231786829038
2,151.0,40.08979958042637,49.867909893434046,5.629056643390599
2,152.0,39.336007498626344,49.298446559239665,5.301170979745794
2,153.0,38.475616582962274,48.841693904258705,5.075107969921997
2,154.0,37.50513491228273,48.61008838710133,5.00784571232314
2,155.0,36.54693264609936,48.38748635427685,5.187558683650936
2,156.0,35.6466616820733,48.00483144987785,5.395133767586806
2,157.0,34.70688687066343,47.74988298797559,5.167483628967883
2,158.0,33.799079541028235,47.60013598372136,4.775741766285968
2,159.0,32.902004465126566,47.67033078779998,4.339474648941128
2,160.0,32.17824494605275,47.95146133044772,3.7092859656560138
2,161.0,31.571052239393943,48.00424731685305,2.916486711986104
2,162.0,31.36738617003273,48.05337024724274,1.9386794355246924
2,163.0,31.093250409759392,47.632831412276495,1.0738114263900096
2,164.0,30.781911331073978,47.1367176929747,0.2632935946282041
2,165.0,30.287784439201065,46.67602860178727,0.47400158098935086
2,166.0,29.40147907722422,46.22554458652693,0.5813652495463414
2,167.0,28.49277498259042,45.84172991808362,0.4172215055792927
2,168.0,27.579503750672966,45.499476113505196,0.19631883424286609
2,169.0,26.65444204646858,45.66386870422778,0.14607847814435862
2,170.0,25.900213920099485,45.87720804068276,0.7670666108125367
2,171.0,24.996323138858802,45.90641588689466,1.1938316015366672
2,172.0,24.18967930990196,45.66646209195618,1.7339685374153968
2,173.0,23.539486754286063,45.595659118281965,2.490431741768761
2,174.0,22.946435965925744,45.824130718377376,3.262501356748556
2,175.0,22.401341354933802,45.975243406263374,4.087144807354582
2,176.0,21.736146957550858,46.12769317451628,4.8180863110674155
2,177.0,21.006876937683167,46.17799025053771,5.500461165722738
2,178.0,20.15868704324589,46.35638673138015,5.999208194383081
2,179.0,19.474310794864177,46.31659680602267,6.727250715456554
2,180.0,18.780647628157332,46.525675682087666,7.416538343909024
2,181.0,18.425401757627053,46.79716471319024,8.31101812426304
2,182.0,18.390419304372386,47.37420525698765,9.126984078686556
2,183.0,18.435012819157244,47.85909134786023,10.000423771692
2,184.0,18.379798127863936,48.2660026406726,10.912221193078544
2,185.0,18.048727116862683,48.75019345582841,11.722129360831754
2,186.0,17.744959210312466,49.468284583574295,12.348284446415784
2,187.0,17.558148748662223,50.20822786204122,12.99449323316326
2,188.0,17.596564457564227,50.92853686930796,13.68708197647343
2,189.0,17.669905981490306,51.419579900360375,14.555124465366143
2,190.0,17.616265890027357,51.90200047708183,15.429420254984043
2,191.0,17.453067292449784,52.38160740390369,16.291593911211834
2,192.0,17.34220087894622,52.886072679369306,17.14787857428029
2,193.0,17.417898202269072,53.48090455918999,17.94815661970622
2,194.0,17.715543658678566,54.08651599363976,18.68615524622423
2,195.0,18.158947892397286,54.68632241921606,19.352206998986503
2,196.0,18.4838006232642,55.3688007021354,20.006954352239475
2,197.0,18.68521880666265,55.97503268285189,20.776313501761358
2,198.0,18.875281767598786,56.25211314346995,21.718174685388686
2,199.0,19.160852702821582,56.50374345023235,22.64290785213174
2,200.0,19.32635607105516,56.95503792572715,23.519801193132352
2,201.0,19.226424814253342,57.36058916537813,24.42839457629754
2,202.0,18.930119019309853,57.84225743271969,25.253136084965
2,203.0,18.621609054540073,58.401963494213256,26.02225943421732
2,204.0,18.44039691932419,59.038155951256265,26.772206978817664
2,205.0,18.28319596975101,59.63774949974955,27.556920581387747
2,206.0,17.88606165041599,60.045259637462706,28.379246441413635
2,207.0,17.654399317369027,60.53583949171941,29.21928451795821
2,208.0,17.492574415313026,61.20135848450126,29.947911426136322
2,209.0,17.382371893513817,61.93411271977115,30.619422137058447
2,210.0,16.95988922542668,62.519857296977264,31.311095242968744
2,211.0,16.48263591464909,63.013954610867025,32.03779815458996
2,212.0,16.206857836653466,63.67788608098713,32.73288192988701
2,213.0,15.917226105000877,64.30149424904207,33.45898544368865
2,214.0,15.716503995709912,64.86784282489941,34.25833513278982
2,215.0,15.28393523535672,65.63909740617211,34.72529405864131
2,216.0,15.167670473661284,66.479217043061,35.2550878873158
2,217.0,14.9879763193818,67.2962485240907,35.802965218407536
2,218.0,14.765228564613853,68.10975794551489,36.34016709759256
2,219.0,14.307627939123291,68.91183447025904,36.72393123870659
2,220.0,13.778602228876375,69.6026747983873,37.21675112358279
2,221.0,13.385418800393051,70.16229386987857,37.94629432750518
2,222.0,13.031585012449005,70.7463187600468,38.67685341352981
2,223.0,12.805666211213758,71.08008868923825,39.592035542734685
2,224.0,12.435948315041585,71.79104907604832,40.19023618268494
2,225.0,12.295934587903965,72.4591411046085,40.921022880420594
2,226.0,11.97322064639944,72.93538122228283,41.7389782962448
2,227.0,11.85329870167465,73.8916576116247,42.0057257317727
2,228.0,11.9492597552363,74.83559716050758,42.32158900006155
2,229.0,12.249719962425402,75.7614723651945,42.55067145081193
2,230.0,12.612020310565642,76.66018734275737,42.797754122890844
2,231.0,13.040222138792554,77.52680222617757,42.54158652513944
2,232.0,13.42544553881342,78.42056883939958,42.311838460586095
2,233.0,13.764962075038175,79.3560390519283,42.21373645703159
2,234.0,14.263228132181942,80.10431977037618,41.77577880759783
2,235.0,14.706535817043887,80.5822316919734,41.01743950903974
2,236.0,15.202022810778447,81.2916064690878,40.51616107878985
2,237.0,15.75066206983263,81.83124450463457,39.87758003145466
2,238.0,16.03671609373948,82.44653263495944,39.14300967261351
2,239.0,16.083557105932474,83.09722725900083,38.38511625938156
2,240.0,16.05646252199942,83.91872063316598,37.8155422784763
2,241.0,16.021030841139158,84.77751674097074,37.30445144387759
2,242.0,15.86582573756395,85.60716307055202,36.768169481066494
2,243.0,15.755674821923026,86.2246996637524,35.989378538745044
2,244.0,15.367177474739275,86.82286554849608,35.288473847963196
2,245.0,15.012389183180336,87.04808881457154,34.38106007873166
2,246.0,14.67348978505403,87.02964285092222,33.440418306123895
2,247.0,14.283934217490877,86.98660767466399,32.520421331463126
2,248.0,14.055837875457579,86.74836494251721,31.576380834805136
2,249.0,13.61735965373768,86.68982819748176,30.679547350507182
2,250.0,13.264471132136263,86.65564809439394,29.74450648943486
2,251.0,12.883241948100764,86.94131476288307,28.86526882887092
2,252.0,12.542724706166753,87.25398754061595,27.978542409951054
2,253.0,12.289372293975134,87.60557432686882,27.077321412099213
2,254.0,11.865279751666376,87.78992202065608,26.19066395662195
2,255.0,11.591495295471306,88.04689183561737,25.263836795957822
2,256.0,11.41772699907539,88.43075127470215,24.356942915620554
2,257.0,11.539363999096043,88.51637445269684,23.368068246303928
2,258.0,11.691010802102099,88.33079708263018,22.39721074550518
2,259.0,11.582323742898195,88.14844789502597,21.420002529748842
2,260.0,11.276588657237848,87.914461459975,20.497085195634675
2,261.0,10.709137231164956,88.03079728434572,19.6819380586
2,262.0,9.995079440192617,88.17185806807292,18.996209740352917
2,263.0,9.295208775860175,88.31860644568556,18.297177575946353
2,264.0,8.699132971045392,88.5016214028976,17.515385301521054
2,265.0,8.122323189653253,88.69006056123014,16.720538674996618
2,266.0,7.2835801121443,88.98859946209612,16.265143709499036
2,267.0,6.350679214996825,89.34245916259506,16.198216671134556
2,268.0,5.445979242599997,89.65670775536496,16.485907098308143
2,269.0,4.686146057656369,90.26894686739516,16.704577628464595
2,270.0,3.837352085122496,90.79764026928838,16.698913797186698
2,271.0,3.129602959518741,91.48582861131554,16.858563354358118
2,272.0,2.643235946107878,92.30487456318453,17.162883674075374
2,273.0,2.2855934087457728,93.2042508628646,17.41430779193797
2,274.0,2.102916977518185,94.12896154353179,17.748283058288592
2,275.0,1.8869324545170882,95.04398997872327,18.088978888340858
2,276.0,1.7537493027701025,95.80776738279076,18.720569202648072
2,277.0,1.8780739643070465,96.68424364723383,19.185685033814497
2,278.0,1.7756310413902854,97.62102590035943,19.520266052064486
2,279.0,1.3648156669444051,98.52792906047077,19.613846959833946
2,280.0,0.9783147238898102,99.43584963407815,19.776011237769453
2,281.0,0.7298950664707908,100.37898497665415,19.555141594332724
2,282.0,0.9702601109702857,101.33334451902903,19.37787764069077
2,283.0,1.2094933627175632,102.16109218270962,18.870333301219098
2,284.0,1.5007834667219955,102.93766385079314,18.31168625733622
2,285.0,1.910501271157567,103.73332407336821,17.86552918752751
2,286.0,2.0322363003479302,104.47931265872117,17.210791367334483
2,287.0,2.292322146013222,105.2136657531011,16.583829737201345
2,288.0,2.7468917433460893,105.91321829093066,16.03247438173914
2,289.0,3.165209953471334,106.41592487434814,15.275971925651696
2,290.0,3.7071794952466623,106.85454886249289,14.559119072681277
2,291.0,4.139424717978028,107.44088852269579,13.874013336098184
2,292.0,4.507798424927983,108.0456420890984,13.167915654504991
2,293.0,5.165933525022691,108.56315103787145,12.621067706750646
2,294.0,5.719483909087639,109.15059457004466,12.030735538552598
2,295.0,6.461558712886,109.69428305057866,11.638654141770948
2,296.0,7.25127958683608,110.27334157500336,11.436090160425268
2,297.0,7.8767143736840355,111.05136080686172,11.3767824690272
2,298.0,8.632196932874631,111.6874245228254,11.533846315896271
2,299.0,9.479491715344665,112.21241199874324,11.614342910410995
2,300.0,10.31933389331141,112.72507224507572,11.792793429991054
2,301.0,11.113365242729534,113.33051803987404,11.847103702520938
2,302.0,12.00438177381615,113.75817965331538,11.999403031866525
2,303.0,12.830472391108296,114.30652205376484,12.12938342997025
2,304.0,13.621160877670809,114.77011757993957,12.52924703837724
2,305.0,14.474829259385425,115.02499075483549,12.983438582529292
2,306.0,15.32914947285465,115.01022122523945,13.502975716768422
3,0.0,14.495844439499615,0.0,43.524360027091994
3,1.0,14.654083942921078,0.9871153501694088,43.548099130210154
3,2.0,14.516691541438085,1.9776305981496782,43.549793690129846
3,3.0,14.416053761713298,2.9516566752099216,43.75263658130106
3,4.0,13.923665641686089,3.7459100974226835,44.10860770451106
3,5.0,13.574358702629349,4.679064143458747,44.193508756879886
3,6.0,13.312648656984432,5.638046609611817,44.08460291856296
3,7.0,13.008467565934474,6.573222375190967,43.903163806679366
3,8.0,12.533424050337878,7.377187660686748,43.54542999781122
3,9.0,12.255418100825453,8.101742959974453,42.914769780015774
3,10.0,12.12961532574026,8.608912715647314,42.062154684728576
3,11.0,11.780278251799668,9.301102400753049,41.43061921572953
3,12.0,11.393114075943142,9.962260318756142,40.78798859990489
3,13.0,11.161498270857628,10.768732854287611,40.24397006320965
3,14.0,10.918289015548343,11.432176128993737,39.53637393590318
3,15.0,10.731585163808907,12.020945832996349,38.74993137131608
3,16.0,10.613891730356864,12.3995449851873,37.8318840208583
3,17.0,10.39016600683184,12.593239465881386,36.87667239572916
3,18.0,10.197735749298625,12.778914144377579,35.913087677216545
3,19.0,10.039078528286197,13.416685518217902,35.15937980215457
3,20.0,9.75502985233701,14.204269306501654,34.61254515975878
3,21.0,9.288955610195366,14.821123188239799,33.97830065690781
3,22.0,8.59718144949375,15.344367972511737,33.48064273592414
3,23.0,8.016942132704473,16.048170295975847,33.070783461613516
3,24.0,7.6935037250114275,16.85001783333068,32.56836120567039
3,25.0,7.32074983124577,17.75724988813954,32.37346499377845
3,26.0,7.140282685034414,18.611058199684734,31.885158761712265
3,27.0,6.861556869284367,19.4391672178715,31.398797400549373
3,28.0,6.614714623567577,20.27731731065104,30.912409358238357
3,29.0,6.724193692260916,21.22786562398295,30.621768277969412
3,30.0,7.0110568709374546,22.124209157939912,30.28371830259131
3,31.0,7.273848848732144,23.02222223425967,29.930854460344072
3,32.0,7.825160685760753,23.802625135983632,29.6358518004697
3,33.0,8.118835790051559,24.603045108110393,29.113278550732996
3,34.0,8.662419802542916,25.369463428574463,28.77105146322993
3,35.0,9.149185514570853,26.221373485400097,28.577897647131778
3,36.0,9.495141631042381,27.124498334485683,28.323575268171375
3,37.0,9.677157605769727,28.07218819512727,28.06136521309876
3,38.0,9.992844301410964,28.980930662090405,27.78836514179314
3,39.0,10.166659336429275,29.834461989428934,27.297170061551785
3,40.0,10.261556241233889,30.676002525309645,26.76537677095091
3,41.0,9.973890071621398,31.44007437228597,26.187932065789745
3,42.0,9.797186936766744,32.30671633207851,25.721340471716854
3,43.0,9.676123785129915,33.27229348726656,25.49111347352874
3,44.0,9.558799752369321,34.22408098038042,25.207678050038982
3,45.0,9.596451857446516,35.21721632217433,25.09693279342206
3,46.0,9.637177235082989,36.21571645100135,25.133524272605037
3,47.0,9.662650365852006,37.11429268000982,25.57160175464417
3,48.0,10.002024040131982,37.85929827429761,26.14587710122071
3,49.0,9.93842064753533,38.65106513368941,26.75338006320447
3,50.0,9.82144896119785,39.47539568600327,27.307272440040705
3,51.0,9.475305607022705,40.38733277551479,27.527625618219794
3,52.0,9.128744731755592,41.31602063525463,27.65966507787457
3,53.0,8.893808971854485,42.28801982898395,27.66443541426185
3,54.0,8.562740398057652,43.231517668583265,27.650102720322714
3,55.0,8.490274912513012,44.22865480359465,27.67169640889274
3,56.0,8.242405155853454,45.15442001188495,27.957212367908593
3,57.0,8.267319926162504,46.10440807739662,28.268503115612166
3,58.0,8.084655707747672,47.07363753355578,28.433512341488505
3,59.0,8.105327740274067,48.01253081555213,28.777099407737154
3,60.0,8.425909522443431,48.7256916877793,29.400500475481902
3,61.0,8.478621357721227,49.652859663237386,29.77141961452248
3,62.0,8.540495268490723,50.2602153978123,30.563436426746215
3,63.0,8.406677813813332,51.063460933427486,31.143858254676505
3,64.0,8.44592896936575,51.83274710565532,31.781555778591134
3,65.0,8.439258394866954,52.51470937995949,32.51291270913992
3,66.0,8.278645517350945,53.427716094236956,32.88790903346897
3,67.0,8.133433833479218,54.379532664483804,33.158017869812156
3,68.0,7.920822670884116,55.285188463334116,33.52487488221449
3,69.0,7.644334003495176,56.245206761274595,33.56867995526494
3,70.0,7.578367247777456,57.24226979020157,33.60758629776901
3,71.0,7.515464833145768,58.22291645704702,33.79299234146341
3,72.0,7.63956637304611,59.21197770286843,33.872721005120596
3,73.0,7.69150979725702,60.187661518210994,34.08565990048689
3,74.0,7.601240898956108,61.169682860697286,34.251447743530235
3,75.0,7.391864859307983,62.13794455250688,34.3879430555204
3,76.0,7.25121834256717,63.12398222389283,34.477096114561846
3,77.0,7.093025420540794,64.04332207823396,34.83735884041728
3,78.0,7.099978857748567,64.97666451382071,35.19627881428886
3,79.0,6.8749506200520285,65.73383780435626,35.80950870620441
3,80.0,6.953212292015673,66.51139940587294,36.433426222025425
3,81.0,7.261482841232034,67.29555554376415,36.97200622526855
3,82.0,7.392351916780287,68.02550491119567,37.642861802909124
3,83.0,7.431045430653416,68.30467498394503,38.60232356997713
3,84.0,7.54092506190361,68.4560335515935,39.584676383703304
3,85.0,7.71667135262535,68.62852855975025,40.553881580479796
3,86.0,7.929277906813569,68.94449099472449,41.478525399905074
3,87.0,8.162502835050923,69.33029551518169,42.37114010113034
3,88.0,8.590797278480343,69.72128651437761,43.18581175785791
3,89.0,9.088139152592662,69.99515956070992,44.00900348203103
3,90.0,9.417397243945306,70.24291619156524,44.92015975904724
3,91.0,9.532981726591066,70.57541198970925,44.14384517067296
3,92.0,9.446874208397956,70.99280877407352,43.23920965306767
3,93.0,9.438197193975064,71.51551661908584,42.38674193040406
3,94.0,9.07839866728735,71.96351671376931,41.56830382317972
3,95.0,8.875058499930665,72.43832278706198,40.712025848977554
3,96.0,8.894998852005745,73.00020965194854,39.88505212906435
3,97.0,8.81562888082807,73.43832435394292,38.98964388944868
3,98.0,8.700069031382567,73.55350152316669,38.003043595061065
3,99.0,8.926480452978556,73.70726685564397,37.04122547779615
3,100.0,9.274908819860736,73.9856781369882,36.14619205296103
3,101.0,10.055017877364307,73.9105555136092,35.52507495461519
3,102.0,10.707346403538562,73.98999681729052,34.77131333897751
3,103.0,11.421388128896647,74.05718206306136,34.07444135848298
3,104.0,12.046853819157242,73.99330369699189,33.29680891017907
3,105.0,12.723617975026103,73.70147351008194,32.62092029558402
3,106.0,13.25834857082044,73.56688408578627,31.786684791191412
3,107.0,13.516364439517007,73.45033919189457,30.82759923754746
3,108.0,13.76313528064488,73.56630563302495,29.865489089747015
3,109.0,14.12208978607186,73.3638825344749,28.954348841372997
3,110.0,14.256395560388698,73.12155330985159,27.993495831866017
3,111.0,14.152110092879772,73.039785099007,27.00231547443266
3,112.0,14.697353108635877,73.02230989354837,26.164219614185537
3,113.0,15.271884577788741,72.7768628863011,25.383406347401213
3,114.0,15.582830909189076,72.74595022117369,24.43348172611624
3,115.0,16.10167881979686,72.79743712868554,23.580167045583437
3,116.0,16.699740423510764,72.97874005071753,22.799493254153358
3,117.0,17.052217711919983,72.97232443957596,21.863694877851408
3,118.0,17.680147805292496,73.02252021888657,21.087045547988446
3,119.0,18.29300013299923,72.89244502709886,20.307627515796586
3,120.0,18.82137571181793,73.02994004862282,19.469824217423913
3,121.0,19.531422801373722,73.08177381438895,18.767580391292384
3,122.0,20.17934835715681,73.44200068480347,18.096440259878285
3,123.0,21.00168726387735,73.71049823286847,17.594775242982795
3,124.0,21.865949933991192,73.93961899685429,17.146943005913766
3,125.0,22.801243318711148,74.17770732788443,16.88514111301311
3,126.0,23.69152968401982,74.49376802245433,16.557275553532595
3,127.0,24.67162185946914,74.5981501079809,16.388385921393326
3,128.0,25.652822503999055,74.78285078587437,16.332430986313604
3,129.0,26.50938312648152,75.17305176322225,15.994722388126913
3,130.0,27.356531555423565,75.59585149261402,15.672884030923695
3,131.0,28.27146787054002,75.91928873188357,15.431471745538683
3,132.0,29.041761635572463,76.03274004281522,14.803955757216448
3,133.0,29.81494959518643,76.22025039666784,14.198133797969296
3,134.0,30.71581784766038,76.56058053432726,13.92866805045164
3,135.0,31.25259560511198,76.81174101008763,13.12319424298112
3,136.0,31.75113517492374,77.16630470694213,12.332155127510351
3,137.0,32.135686468784975,77.94474833502532,11.836024277546018
3,138.0,32.06564625108779,78.93461375280545,11.712489575587798
3,139.0,32.128187673606035,79.91527471681756,11.527037036828636
3,140.0,32.37540780424264,80.8713452869868,11.369521095209057
3,141.0,32.71317880463477,81.74989427028751,11.031789788938273
3,142.0,32.927794242974734,82.7048732499293,11.236619869904061
3,143.0,33.13266758238832,83.68349359041295,11.218477544000022
3,144.0,33.21778377453081,84.65410320455901,10.993372655642595
3,145.0,33.10167449668805,85.54482832917694,10.553910042928845
3,146.0,32.985298633311515,86.48933439339815,10.246721252324896
3,147.0,33.01520163470646,87.47999921588504,10.113721177157323
3,148.0,32.80751260398702,88.42732216988105,9.869908775194034
3,149.0,32.42082054829726,89.32877612984599,9.675357979436317
3,150.0,31.75561579399654,90.07208477296851,9.60468340186353
3,151.0,31.11157912236738,90.79369621072607,9.350727306259772
3,152.0,30.525420371996724,91.56101007971182,9.090636272531155
3,153.0,30.188965255656385,92.50144987719085,9.139328592315753
3,154.0,29.769110310942246,93.3338059901096,9.501136727500517
3,155.0,29.268320682178203,94.14331376933653,9.807579059911449
3,156.0,28.680725359822702,94.72267819729143,10.3724406330127
3,157.0,27.973306655151102,95.33353852883414,10.727980267411287
3,158.0,27.12940469875431,95.84851188214165,10.878419402522095
3,159.0,26.272761029189315,96.34791086699566,11.007888616318251
3,160.0,25.58360777835233,96.92868090206665,11.441217548221566
3,161.0,25.011917248845123,97.49657639778398,12.033386987162586
3,162.0,24.54360104062784,98.0485615536406,12.723308951470827
3,163.0,24.039581933370258,98.4654388228362,13.479733489641875
3,164.0,23.70353768526346,98.79132788556645,14.363402308887602
3,165.0,23.892917505234635,99.23108228285558,15.24132676682949
3,166.0,24.001465758036638,99.78918141706313,16.06397045227928
3,167.0,23.98738537685393,100.17747812598925,16.985397285350086
3,168.0,23.610355033049842,100.48509684847683,17.859021255617662
3,169.0,23.176620252665543,100.9542216941368,18.628304051128833
3,170.0,23.10187628494456,101.26449295736248,19.57600921757337
3,171.0,23.150858042993537,101.28397512300344,20.574618867336667
3,172.0,22.986069731945566,101.22265344510801,21.55903974499116
3,173.0,22.81319353607691,101.22198424262625,22.543983079945015
3,174.0,22.51414116195318,101.0963428686206,23.48991221189356
3,175.0,22.172872004306978,100.7706155695244,24.3716361418529
3,176.0,21.657441006525456,100.5221486234488,25.191755074224186
3,177.0,21.294746389514074,100.48882298651253,26.123067061000775
3,178.0,21.271324828450865,100.51666277547788,27.122405030172228
3,179.0,21.261836600561416,100.67469819241668,28.109792887361337
3,180.0,21.393314569272086,100.85731068036112,29.084147146853468
3,181.0,21.427932915718078,101.25478252727501,30.00110826980264
3,182.0,21.671381468378506,101.98218007950844,30.642688820639677
3,183.0,22.073487696917493,102.66307607565511,31.25480908937906
3,184.0,22.60438726774275,103.33109968003215,31.77623991862936
3,185.0,23.173317138388015,103.94561697645547,32.322762831858206
3,186.0,23.752321193844015,104.58968419911118,32.82269454366101
3,187.0,24.278051977788024,105.24537220747386,33.36461739656813
3,188.0,24.62295129903157,105.98292267563185,33.94518932589788
3,189.0,25.059454965845426,106.75951714740039,34.39946410538339
3,190.0,25.181965040213658,107.65774368122148,34.82157827905925
3,191.0,25.47417107649762,108.36695270834365,35.46316863762743
3,192.0,25.92456487338573,109.06653538077792,36.01790236848795
3,193.0,26.50696511593081,109.68319152407919,36.547567506487646
3,194.0,27.3674731674528,109.83327475743212,37.0343949054004
3,195.0,28.164253666329426,110.13705412367624,37.55675391341522
3,196.0,29.042411658737006,110.11135560862566,38.03443385510723
3,197.0,29.81356355970532,110.22996037171556,38.65993977498756
3,198.0,30.46821119360692,110.11137691133287,39.406514914106666
3,199.0,31.013453132938775,110.41432498294573,40.18813738915436
3,200.0,31.74947303623911,110.5839515841645,40.84350104248337
3,201.0,32.28903412858858,110.48528710796809,41.67964645373642
3,202.0,32.93271685925302,110.46778214886801,42.44473868258943
3,203.0,33.54559767900154,110.68197995893689,43.20532819010717
3,204.0,34.120957178263474,111.13696041900221,43.88500033722503
3,205.0,34.5651710852388,111.74476018922535,44.543220242854154
3,206.0,34.450364603756675,112.55384361961865,44.88040880500417
3,207.0,34.55803248689806,113.36810308622894,44.30997988920889
3,208.0,34.377707656013314,114.19973250787596,43.7847414096423
3,209.0,34.423939308024394,114.96645254815076,43.14442663221377
3,210.0,34.5739972516907,115.66958853142168,42.449385336626044
3,211.0,34.57159409767411,116.36621916784016,41.73195939532342
3,212.0,34.8864215552331,117.08824680197459,41.1158751742033
3,213.0,35.212528373224664,117.76277150635059,40.45355292148497
3,214.0,35.53359848218612,118.43685007495756,39.78832208299637
3,215.0,35.86691347935198,119.19700739909835,39.23059279811039
3,216.0,36.479825102522916,119.81818474028397,38.74225065065686
3,217.0,36.6584746759727,120.54724866962569,38.08153125723857
3,218.0,37.12483464367781,121.05951879590552,37.36036019691838
3,219.0,37.725051323171314,121.57554673723831,36.74925046747396
3,220.0,38.33543196804089,121.95899982280545,36.056142106871064
3,221.0,38.866017301454264,122.0180413078266,35.21056933826205
3,222.0,39.49937544206092,121.96598942658655,34.43846308431338
3,223.0,40.30790633093603,121.99492967596005,33.850721420228695
3,224.0,41.253430805750625,122.28851024463899,33.710030563309246
3,225.0,42.247230910332725,122.39514903942847,33.678573933189995
3,226.0,43.24098218632711,122.40365504056163,33.567281303585595
3,227.0,44.08131404138376,122.42641143442917,33.0256868797635
3,228.0,44.787664418638194,122.1963754355604,32.356244885430186
3,229.0,44.39692627721302,122.02172416690546,31.804334928041477
3,230.0,43.82739340305782,121.7073188410076,31.04487354238478
3,231.0,43.24016744502195,121.48534041456801,30.266483375177963
3,232.0,42.78603016312652,120.96129301343896,29.545974075749772
3,233.0,42.30043152761179,120.60097017360808,28.74950598707174
3,234.0,42.2284620200767,120.2968379594687,27.79959863037434
3,235.0,42.48211293314703,119.84772870768849,26.942882753164163
3,236.0,42.78483648610394,119.64413365983265,26.01180407390353
3,237.0,43.05046503232539,119.59884103884947,25.04879314254462
3,238.0,43.45309537496334,119.3198250806602,24.17699104214398
3,239.0,43.831747082748244,119.3802218648332,23.25342452442415
3,240.0,44.19613462843701,119.48210139398846,22.327766770129386
3,241.0,44.25893768705953,119.59687067252185,21.336361813246185
3,242.0,44.397969261722544,119.62074092653815,20.346361594953322
3,243.0,44.678123177658435,119.68746109599024,19.38872794768832
3,244.0,44.961922404668094,120.02470403519638,18.491105978981935
3,245.0,44.97784128946891,120.63796628967873,17.703526779990995
3,246.0,44.85791028285055,121.42034191979253,17.092376285386326
3,247.0,44.627754400758384,122.33043723348572,16.747768116690235
3,248.0,44.1648129055325,123.21370211528459,16.673415439678113
3,249.0,43.552447691063456,124.00135558747917,16.605512186088166
3,250.0,42.78057799128986,124.63516120057407,16.555436130125127
3,251.0,42.00165648182355,125.10966981336091,16.145408254875345
3,252.0,41.536815064733936,125.70153276534994,15.48690942949982
3,253.0,41.0224613857155,125.96252760595183,14.670011647608234
3,254.0,40.43263983048057,125.95137210087806,13.862555092933745
3,255.0,39.9454716121326,125.79653826953076,13.003082224425388
3,256.0,39.654539594762355,125.57667221604852,12.071944490362899
3,257.0,39.477682778098256,125.55438898793095,11.087960179439142
3,258.0,39.488998844148206,125.39046438248644,10.101552215978273
3,259.0,39.70837660242919,125.07067661133662,9.179809746199085
3,260.0,40.013906008610576,125.02547565243454,8.228700575139959
3,261.0,40.37662395354346,124.51705232898905,7.447713112628357
3,262.0,40.69701182444953,123.88876599967533,6.738764665578956
3,263.0,40.82171950222894,123.23462469428719,5.992743789404585
3,264.0,40.754483026996205,122.88310575743421,5.058980600243635
3,265.0,40.700093690748346,122.59298316665438,4.103537937169751
3,266.0,40.833168354927196,122.37536367819452,3.1366186582244215
3,267.0,41.09449789969501,121.90543810178858,2.2934835435061527
3,268.0,41.22806637123685,121.56630696121532,1.3622749025972214
3,269.0,41.193571906237636,121.2233297806149,0.4235647314198705
3,270.0,41.11798221977961,120.793700291419,0.4762711987998795
3,271.0,41.35259408359531,120.28773616585319,1.306305883013342
3,272.0,42.02391888573061,119.72431761941591,1.78784773121401
3,273.0,42.73238268075947,119.1203400066072,2.1529368906794555
3,274.0,43.28322225335134,118.36951825288828,2.517412485759933
3,275.0,43.84693358658309,117.56655049584941,2.7109901547769
3,276.0,44.610437958439526,117.0574503702553,3.1083289727599555
3,277.0,44.552689783458064,116.5137351899637,3.1717216090756084
3,278.0,44.0748832955011,115.63692260902253,3.1178638522569697
3,279.0,43.891895330474064,114.70847948604231,3.441142017381028
3,280.0,43.53646901804324,113.77512775629093,3.4914081590864248
3,281.0,43.16866781738364,112.85587946135954,3.6317821205575127
3,282.0,43.3345240047845,111.91483785049053,3.926625149496507
3,283.0,43.18920191565035,111.17235688388801,4.5805391382157215
3,284.0,43.000918126815435,110.34669526380296,5.11235875423274
3,285.0,42.754919302075116,109.78921650502818,5.905266070216973
3,286.0,42.48950310697032,109.23914442273876,6.69708356665278
3,287.0,42.10036666426985,108.72701685828665,7.462784674586402
3,288.0,41.56488358831343,108.3707459168952,8.228505832505071
3,289.0,40.990757848949556,107.88931600598089,8.890778341580393
3,290.0,40.440156816601856,107.57115724171305,9.662538345660165
3,291.0,40.0227283326634,107.44200425502106,10.562023179787666
3,292.0,39.90206980336235,107.3063735539546,11.545408064883592
3,293.0,39.63139167969298,107.16722714096679,12.497968629425005
3,294.0,39.20177603657339,107.4625095664333,13.351337651828299
3,295.0,38.68859750604606,107.82701015891261,14.12837504725276
3,296.0,38.35562735673194,108.27049580288123,14.960511672609123
3,297.0,37.91771721768366,108.881639353399,15.61985852425798
3,298.0,37.441582483833415,109.70744948415935,15.92207259268453
3,299.0,37.10808830772859,110.35692657634716,16.605418143066945
3,300.0,37.28551659087201,110.87404941151738,17.442737184822423
3,301.0,37.52853917554885,111.04476981647105,18.397616531478032
3,302.0,37.654390048431935,111.49112459580225,19.28357870265847
3,303.0,37.80210125896873,111.64222386644887,20.260998985183758
3,304.0,37.787627932953164,111.80764370472767,21.24711601674637
3,305.0,37.7592662550488,111.80467012594012,22.246709320573306
3,306.0,37.947154132356324,111.8889124203729,23.225280412211298
4,0.0,37.850992035226255,0.0,18.075903641837385
4,1.0,37.476629918532055,0.9139551867807557,18.232552683139243
4,2.0,36.950382000242065,1.7629007634236495,18.281076248485512
4,3.0,36.467676568166524,2.6386292758987873,18.27132749046969
4,4.0,35.712999499282276,3.2283014334785216,17.98366576504287
4,5.0,34.99138106721613,3.8927842964753556,17.78942528706279
4,6.0,34.43908209157471,4.485910994878174,17.20362108671321
4,7.0,34.105464251723724,5.3439491474642224,16.813147444017723
4,8.0,33.73737287094884,6.187365139331936,16.421793128772524
4,9.0,33.410426779636204,6.919201956689443,15.823862425316493
4,10.0,33.09564936468327,7.70056063385401,15.284980437627919
4,11.0,32.69456262805908,8.347896734889009,14.636840482062018
4,12.0,32.16066832071649,8.672427892489312,13.856048322563872
4,13.0,31.291291586249155,8.820307467861921,13.384544637790853
4,14.0,30.565885944122943,8.847751399295191,12.696770339783912
4,15.0,29.98136996474781,9.092554219129367,11.923198979626129
4,16.0,29.471840617808006,9.526776131766608,11.180345578750321
4,17.0,28.889106509879497,9.960427328842902,10.493055539006502
4,18.0,28.102219277940232,10.184763572125377,9.91818013149556
4,19.0,27.373845691347167,10.310060569068057,9.244553691314726
4,20.0,27.030531712110133,10.583496073436324,8.346016804697763
4,21.0,26.707291216319113,10.988423741844537,7.4907103302464915
4,22.0,26.778814537692842,11.571444732433243,6.681407581559306
4,23.0,26.905624553226207,12.165653643843132,5.887156368427401
4,24.0,27.029073351751013,12.566044454520329,4.979165403236645
4,25.0,27.141517318405917,13.035597467205717,4.1034506536514925
4,26.0,27.32292241128698,13.458125859036741,3.2154405465167253
4,27.0,27.928180834063998,13.886218757306754,2.5443230366063805
4,28.0,28.563547772154557,14.168885184483022,1.825707322243808
4,29.0,29.14220460707353,14.386663032855182,1.0397498958141382
4,30.0,29.835064830093938,14.710758182906874,0.39561711053684423
4,31.0,30.341038808406033,14.850545543934981,0.4555290737157969
4,32.0,30.9975602459826,15.280265665610786,1.0754647308846081
4,33.0,31.556046108768392,15.794312317955939,1.7265020418592982
4,34.0,32.3491329667204,16.345000790642477,1.9868007967429628
4,35.0,33.11443818826065,16.950919418948235,2.2039885812873385
4,36.0,33.91044849651621,17.55454363636826,2.2487701991115276
4,37.0,34.71701363604764,18.09193302267796,2.0024668837170148
4,38.0,35.445597632402176,18.730066722874064,1.7535678260047005
4,39.0,36.079971319096366,19.49763916017259,1.8452334091295657
4,40.0,36.67730992267383,20.28626360635055,1.699431915424497
4,41.0,37.3288072015077,21.044910922066574,1.697076914590448
4,42.0,37.832677434843106,21.883502487727313,1.9041493028057626
4,43.0,38.29643510253607,22.699017544856613,2.2503631344927335
4,44.0,38.685927080202944,23.542349271590634,2.6206165585376193
4,45.0,39.443313350163194,24.194951923395276,2.5988033301372044
4,46.0,40.10046474369892,24.860700172359934,2.9522595720887965
4,47.0,40.76522566968103,25.469082385203915,3.385807717491898
4,48.0,41.41640405590216,26.182022776025754,3.6459667235886473
4,49.0,42.15000071261493,26.841540748792735,3.8098935025394183
4,50.0,42.85900827190671,27.505580475694597,4.047295107342793
4,51.0,43.35670535425699,28.259472446368562,4.476182634292854
4,52.0,43.73607355481839,29.10348354375857,4.855293483366469
4,53.0,44.029460363335204,29.973859204472415,5.250730443987574
4,54.0,44.54130567134226,30.70727457475069,5.698074020347786
4,55.0,44.928873099308085,31.338771981739672,6.264201647209974
4,56.0,44.35857662235175,31.926372623687065,6.838211589592685
4,57.0,43.80595830196578,32.658130706601554,7.237139026682578
4,58.0,43.07674435102859,33.342323929288156,7.248392816634864
4,59.0,42.25247092208266,33.85001554079919,6.997748562890555
4,60.0,41.461744485404616,34.360387983894526,6.659707630949855
4,61.0,40.691225945507014,34.94651434805151,6.409194028696026
4,62.0,39.79059897872325,35.37668714452465,6.347368209847009
4,63.0,38.83640878109132,35.65330706440774,6.233339763102307
4,64.0,37.89645349233163,35.86293569558082,6.502672071088519
4,65.0,36.98562425309287,36.07915986177157,6.8542928994005825
4,66.0,36.11307732313929,36.54732421300256,6.993877981931056
4,67.0,35.27995356295906,37.02757436033187,7.268221919741496
4,68.0,34.54614510566928,37.51125883902695,7.745269583061901
4,69.0,33.88170358045421,38.136567260614164,8.154545574859577
4,70.0,33.07600891682623,38.60395389543891,8.51842171118703
4,71.0,32.14228784052461,38.88397131786954,8.741480436202329
4,72.0,31.265092660975117,39.01313913895672,9.203913448616802
4,73.0,30.382970455789334,39.19804449860546,9.637122893448444
4,74.0,29.4664547161943,39.08778531490978,10.021624923983175
4,75.0,28.631264385856095,38.636875249778235,10.336485568193643
4,76.0,27.85964420652819,38.0124168892604,10.457539501766052
4,77.0,27.097256346689655,37.49742477080132,10.065687655916314
4,78.0,26.487078615693168,36.76002704074744,9.77598483524077
4,79.0,25.758810755406046,36.131417950883495,9.503080940411035
4,80.0,25.123041610420422,35.37719005813278,9.338953306902622
4,81.0,24.273783453463896,34.85242000414502,9.397065037908355
4,82.0,23.533418041564484,34.18060669147432,9.37413187891447
4,83.0,22.928636271964404,33.46299789365864,9.71949635950988
4,84.0,22.159458948383257,32.91707973961627,10.051670431308857
4,85.0,21.66639836119617,32.16014372073982,10.480551674417242
4,86.0,21.09316628348909,31.347687092775224,10.586943463405058
4,87.0,20.34816635502702,30.706194871438534,10.404014962192086
4,88.0,19.495061707395458,30.189518131328594,10.476524316201036
4,89.0,18.553860529987166,29.854340410059613,10.518906373845466
4,90.0,17.639299761779352,29.494390044207556,10.334476616544471
4,91.0,16.77309585381606,29.023697041920663,10.166730119033279
4,92.0,16.030519069903363,28.37044831198371,10.018926814504457
4,93.0,15.420656149230535,27.591985040721713,10.167460155153883
4,94.0,14.68560614320372,27.044780360138418,10.567795672173935
4,95.0,13.929705794446512,26.69485258293512,11.121117652118965
4,96.0,13.002502548265829,26.423870810344358,11.379696497339474
4,97.0,12.300396476945984,26.110580563496576,12.019146484317242
4,98.0,11.552845488848819,25.79954855959276,12.606025187920062
4,99.0,10.619040138185568,25.472487694333747,12.751072619778432
4,100.0,9.65872534667345,25.19608692616717,12.713681222907468
4,101.0,8.666854105456174,25.069384289464757,12.701938876516865
4,102.0,7.7303056781861805,24.983561708559247,12.362069007324523
4,103.0,6.875244929167074,24.89563000099537,11.851051267620914
4,104.0,6.003788385364294,24.965106853158655,11.36552427632507
4,105.0,5.402213490576685,24.87690467291561,10.571592275860516
4,106.0,4.825094450542989,24.590632585833443,9.80675117746935
4,107.0,4.430302662866529,24.32963925990871,8.9258301093787
4,108.0,4.213168586497589,24.21350911139073,7.95662085360129
4,109.0,4.116626022207209,24.171376245046478,6.962184151315089
4,110.0,3.810156511056281,24.488436664856692,6.064660263652659
4,111.0,3.285675216283511,24.85042255037794,5.294020535818129
4,112.0,2.5010640561989064,25.052126200569315,4.707760384545534
4,113.0,1.6767812384309677,25.375998004408945,4.2433630428108815
4,114.0,0.8396122393838635,25.778897258631396,3.8734708179920005
4,115.0,0.03880629393929824,26.31130923761265,3.599158364067832
4,116.0,0.7325412104784123,26.94524009913782,3.542991734878184
4,117.0,1.5523031267762604,27.517927818989243,3.5386126802934212
4,118.0,2.3004330043767167,28.177622291930565,3.4671641770746695
4,119.0,2.810122221946336,28.720468043833076,4.134648552273569
4,120.0,3.427004781609108,29.018230227257554,4.863204376974872
4,121.0,4.214173010202926,29.320775606308906,5.400635743297255
4,122.0,5.17253349376852,29.426636660754003,5.665850035317302
4,123.0,6.072365750951736,29.660496294183346,6.034104812319381
4,124.0,6.814887858064058,29.471490443266486,6.676707106719791
4,125.0,7.605632724070043,29.406620636620463,7.285406100534373
4,126.0,8.399741422978119,29.35011971378732,7.890549901657317
4,127.0,9.277304469461455,29.471726638715154,8.354333100206466
4,128.0,10.2445170158826,29.49279795863741,8.607425750282001
4,129.0,11.183126514649976,29.54209903307513,8.948866247122876
4,130.0,12.149928269599666,29.549414864967314,9.204289122429541
4,131.0,13.135107259430136,29.39542761398765,9.279855547066036
4,132.0,14.12996789577857,29.41568207569009,9.379062759634133
4,133.0,15.09939805015002,29.50709976222851,9.606764280014016
4,134.0,15.995223404735219,29.66936943197981,10.02048579064781
4,135.0,16.823242526970827,30.155962277639237,10.299074619866134
4,136.0,17.532042872914815,30.849778084609092,10.171710199447977
4,137.0,18.143668044208145,31.637872835033,10.241145883319316
4,138.0,18.50892834689744,32.56124542915145,10.122959743225453
4,139.0,18.923733374658376,33.45573585564294,9.956155469121597
4,140.0,19.698485456332886,34.08534225376204,9.89823314709887
4,141.0,20.506813153972722,34.67010006005125,9.829934968410688
4,142.0,21.428330141839613,35.05843395571189,9.828138707359956
4,143.0,22.339513848255947,35.47042962898847,9.826184644215488
4,144.0,23.31673161455052,35.58786355255117,9.649394625167702
4,145.0,24.27818671188216,35.73387223572324,9.416402006715183
4,146.0,25.255140882938825,35.947285470973625,9.42031846875949
4,147.0,26.245427081069177,36.0110158965908,9.543897102200656
4,148.0,27.239548639532973,35.93619262481434,9.622151846454162
4,149.0,28.21723857973905,35.81797667468624,9.448521866453158
4,150.0,29.188891983849192,35.616799278345276,9.324355375471724
4,151.0,30.152592243326005,35.72905463140122,9.566596052474184
4,152.0,31.130945813794828,35.62821225555538,9.747303291910443
4,153.0,32.091358093962306,35.486982004020554,9.507173601628466
4,154.0,32.95771052169581,35.61235512643931,9.023732756089696
4,155.0,33.90129986374705,35.598744866279006,8.692894556382235
4,156.0,34.8179550453652,35.88027197219197,8.409194421294405
4,157.0,35.609787734398104,36.40468890140934,8.09616426790795
4,158.0,36.40688672959746,36.781178321970124,7.624053149570351
4,159.0,37.154876578311,37.40797776242181,7.405801808976617
4,160.0,37.83706741340583,38.135481035384906,7.478977299002924
4,161.0,38.39802303343656,38.96332683917147,7.479320094751601
4,162.0,39.002492323745386,39.738208096280914,7.664187383513111
4,163.0,39.52173350116056,40.581482491351046,7.803028639253626
4,164.0,40.15748636265409,41.324874970366515,7.595216413323505
4,165.0,40.59562661817047,42.10353769812031,7.1460867294870285
4,166.0,41.19910072974549,42.89947363926297,7.194096876915439
4,167.0,41.91887308485739,43.592978717836424,7.225377267090463
4,168.0,42.6310537194272,44.241807841803244,6.957385641034373
4,169.0,43.12588237297828,45.073568367050235,6.705752908136466
4,170.0,43.50195879736421,45.9758540632828,6.494928228852452
4,171.0,43.96726858931028,46.82367782055839,6.240602307801897
4,172.0,44.33424392352751,47.676238700657876,5.868488011113176
4,173.0,44.71139444613367,48.58113415371365,5.671202171943487
4,174.0,44.876102936520454,49.48119961672715,5.811643451391819
4,175.0,44.68244297856337,50.22528640755092,6.451042128592247
4,176.0,44.65237470424094,50.86099426966262,7.222386029150645
4,177.0,44.377511068647586,51.385371656555705,8.028288217969846
4,178.0,44.02917235627271,51.765098803376105,8.885298973695033
4,179.0,43.472616195021146,51.91071609571188,9.703248142987183
4,180.0,42.70968693416925,52.1557393942929,10.3014976946698
4,181.0,41.880512507319324,52.3490834353989,10.825985875305838
4,182.0,40.98768332651337,52.47977755418279,11.257002233715438
4,183.0,40.27505500000461,52.39731796800148,11.953680986731586
4,184.0,39.831434625500684,52.57771142805173,12.831552938041169
4,185.0,39.479376286220976,52.88615363099603,13.715248775525131
4,186.0,39.12655917212663,53.04464373051449,14.637420653407323
4,187.0,38.97044146802682,52.9972289582467,15.624020421214613
4,188.0,38.97630180238475,52.78090601295542,16.600324697463428
4,189.0,38.98345411554879,52.33734665682395,17.49654115681052
4,190.0,39.27644542857608,51.96869993193103,18.378729165523097
4,191.0,39.42576785694323,51.52914284098507,19.26444490783869
4,192.0,39.4319007704189,51.390662579914,20.254791112287414
4,193.0,39.248382872125035,50.92386374426836,21.119903837916667
4,194.0,38.65818282099915,50.44306505147524,21.768360865528695
4,195.0,38.127930151782905,49.894221781454775,22.414583096454166
4,196.0,37.71558388347527,49.176666018055215,22.975906783309476
4,197.0,37.23943476841543,48.599775443050405,23.63959291748613
4,198.0,36.85576339971359,47.95172145361991,24.297485239695227
4,199.0,36.32561831886063,47.45250706420684,24.982854619409803
4,200.0,35.67193930698496,47.123322546665676,25.664280552908405
4,201.0,35.10970898784055,46.6276160789738,26.326226295491
4,202.0,34.911690002303864,46.00686814308197,27.08481741160893
4,203.0,34.934454940475625,45.3931731110172,27.874032315934144
4,204.0,34.578138955355826,44.666458809033585,28.46133568050869
4,205.0,34.42218952898512,44.12492797557478,29.287425344424207
4,206.0,34.40589509544295,43.53801199942662,30.096909209845627
4,207.0,34.53101591229774,42.7564066116607,30.708004782571262
4,208.0,34.51849979605247,42.01083578909403,31.37431364141331
4,209.0,34.51818888391619,41.22510042364626,31.992876361610943
4,210.0,34.437556615277224,40.344135230908606,32.45913676786354
4,211.0,34.32445143959145,39.4864206620194,32.960667362691304
4,212.0,34.45557101906036,38.8992202097782,33.75941844079237
4,213.0,34.73245161959213,38.16658319442074,34.38117412977098
4,214.0,34.78087287088178,37.63714695952185,35.22814086796065
4,215.0,34.70003272887713,36.805540017258224,35.777590378852786
4,216.0,34.30261564655481,36.19426222167671,36.461987280736054
4,217.0,33.655329209945215,35.82039461657087,37.126248737418344
4,218.0,33.04297339234742,35.41058668552791,37.80232403818625
4,219.0,32.7186368087054,35.02004245973554,38.66388134226513
4,220.0,32.481087354340545,34.34733001782816,39.36461540539748
4,221.0,32.31979844835761,33.85495158631743,40.21992199895903
4,222.0,31.983897309847617,33.46544147632455,41.07750715470802
4,223.0,31.657875692992587,33.13752051379302,41.96417380439979
4,224.0,31.365261052325046,32.89974398180711,42.89036978414909
4,225.0,31.16440167761447,32.48002340615405,43.7755195737126
4,226.0,31.109807996148618,32.25742421419266,44.74889983326287
4,227.0,31.175950205848377,31.912781550174394,44.31469926849193
4,228.0,31.25770710156293,31.297297007459218,43.530802216780536
4,229.0,31.35549911814221,30.884629201341145,42.62518529816259
4,230.0,31.35653977175279,30.48435751146392,41.708789373180984
4,231.0,31.36457693105101,29.973254207684224,40.84930765904397
4,232.0,31.478442435995916,29.6828622623484,39.89919863115943
4,233.0,31.6544725882305,29.54223720338603,38.92491018398575
4,234.0,31.966005434129556,29.299457323523114,38.006212619027735
4,235.0,32.23923765286206,29.037509233681956,37.08061694440783
4,236.0,32.50541179566077,28.69428524167994,36.179868024331
4,237.0,32.63055824344352,28.458408431821024,35.216176944587005
4,238.0,32.44723373077886,27.857653125252366,34.43804765925849
4,239.0,31.999237505487592,27.153487890581758,33.88718406052821
4,240.0,31.372713208859146,26.616164583255475,33.32260371271386
4,241.0,30.721157976995652,25.955413480291277,32.94993259797205
4,242.0,30.002556414532272,25.37442539437592,32.5677485605639
4,243.0,29.404768303203983,24.59581786637266,32.37690912205286
4,244.0,28.7259360779645,23.869391434045987,32.26971094859102
4,245.0,28.11038306121088,23.09613031394201,32.1175211864483
4,246.0,27.435011320303936,22.367258443766605,32.00518771658586
4,247.0,26.540792140059352,21.983516529811748,31.77472253232375
4,248.0,25.63568111979912,21.59163357325697,31.609792882577658
4,249.0,24.778933698156518,21.126872326281486,31.386228934637593
4,250.0,23.999273824745092,20.52030254908815,31.230653913545815
4,251.0,23.10580071540484,20.11191713357461,31.043765831310225
4,252.0,22.275429004883737,19.55542738113556,31.072085043809462
4,253.0,21.325668265943058,19.242549303986994,31.079949368744046
4,254.0,20.466202359300603,18.732586775036857,31.11539756173106
4,255.0,19.57863835273048,18.281203748694182,31.207503466921334
4,256.0,18.6864998435963,17.852367086815192,31.34958794161275
4,257.0,18.162932418896215,17.278345919197807,31.979172607023283
4,258.0,17.77595913197183,16.523689685725305,32.509026968605816
4,259.0,17.399222722018234,15.606105567926967,32.63594845685553
4,260.0,16.84123306207249,14.788572223302838,32.778380088950776
4,261.0,16.178403088075505,14.12719780553383,32.427324103256375
4,262.0,15.621327000574501,13.323583760677277,32.2178707680147
4,263.0,14.867077763478163,12.67663336321441,32.10578476727318
4,264.0,14.2602162962254,11.881903883748679,32.11692990217378
4,265.0,13.587964393223666,11.16891388515442,31.917624506323317
4,266.0,13.202373124740953,10.251413605115886,31.820091897421978
4,267.0,12.987057296731617,9.276893403160189,31.88293670777959
4,268.0,12.93131341486643,8.291640034717126,32.04470326676567
4,269.0,13.110440645407833,7.3079502228444815,32.06106753566254
4,270.0,13.172027806944305,6.310817118495653,32.01710626014022
4,271.0,13.399954438896396,5.365011338489529,31.785803694322233
4,272.0,13.743209915838483,4.4322188533086715,31.675922589761978
4,273.0,14.069226786201055,3.4980992206891206,31.530548891337162
4,274.0,14.297253091278955,2.5622439043682155,31.261887708606164
4,275.0,14.197241919154285,1.6870661338305544,30.788536216153695
4,276.0,14.355272758981597,0.7078017304556482,30.66177864459971
4,277.0,14.127396761365524,-0.22492228950259607,30.382317677193864
4,278.0,13.605640225460363,-1.0730930606041797,30.473840681346868
4,279.0,13.379966970923729,-2.036924558258037,30.33206470906254
4,280.0,13.159251997454122,-2.957101755894267,30.0087091378462
4,281.0,12.828826295319974,-3.8974192718168066,29.927334543417597
4,282.0,12.672056445385962,-4.8775396889363805,29.805731985479785
4,283.0,12.544233925558826,-5.853357419171396,29.62841543017819
4,284.0,12.839482865730986,-6.726063843006113,29.23955612255545
4,285.0,13.262951638149753,-7.609458123025725,29.03883555854973
4,286.0,13.771525358664809,-8.450792533197959,28.855780427341635
4,287.0,14.09643806736074,-9.368194402336155,28.625985862067314
4,288.0,14.259156574092094,-10.333992431221565,28.827869132716902
4,289.0,14.338845893408658,-11.290591394306116,29.108169036770445
4,290.0,14.552664451400288,-11.935106174383119,29.84225508249034
4,291.0,14.543039917488368,-12.617207410719537,30.57344949694884
4,292.0,14.465982864349963,-13.454647365119158,31.11451930144433
4,293.0,14.214132331106944,-14.177575585214106,31.757905730812837
4,294.0,14.03677575427026,-14.930259729587837,32.391949280942605
4,295.0,13.78089999993519,-15.592706652434694,33.09600302374509
4,296.0,13.381432686499076,-16.082420995146578,33.87099059012174
4,297.0,13.149405806802456,-16.55047624416596,34.7236850318555
4,298.0,12.970390334418477,-17.054340410443206,35.56871423998317
4,299.0,13.0402510209274,-17.452048243255383,36.48356284177493
4,300.0,13.228252735908015,-18.082462080181074,37.23671206296352
4,301.0,13.286908359858215,-18.668542463294393,38.044839096485326
4,302.0,13.341088894961091,-19.269562520957017,38.84223445633086
4,303.0,12.97830309769169,-19.7773474844491,39.623605620471785
4,304.0,12.521454394274429,-20.323461878200316,40.325779623923715
4,305.0,12.00292214430153,-20.905016222352657,40.9526120182171
4,306.0,11.400945715724625,-21.102043551982938,41.72643668234752
